id,year,tabac,gum
1.0,2000,132.0,78.0
1.0,2001,195.0,128.0
1.0,2002,136.0,136.0
1.0,2011,7.0,4.0
1.0,2012,12.0,5.0
1.0,2013,19.0,7.0
1.0,2014,6.0,5.0
1.0,2015,7.0,1.0
1.0,2016,14.0,5.0
1.0,2017,8.0,3.0
1.0,2018,2.0,2.0
2.0,2000,136.0,93.0
2.0,2001,137.0,105.0
2.0,2002,196.0,151.0
2.0,2010,29.0,22.0
2.0,2011,17.0,2.0
2.0,2012,11.0,42.0
2.0,2014,6.0,2.0
2.0,2015,6.0,3.0
2.0,2016,3.0,6.0
2.0,2017,7.0,2.0
3.0,2000,126.0,134.0
3.0,2001,87.0,126.0
3.0,2002,113.0,126.0
3.0,2011,14.0,4.0
3.0,2014,10.0,5.0
3.0,2015,10.0,10.0
4.0,2000,168.0,151.0
4.0,2001,269.0,171.0
4.0,2002,195.0,207.0
4.0,2010,2.0,1.0
4.0,2011,10.0,2.0
4.0,2012,28.0,2.0
4.0,2013,3.0,1.0
4.0,2014,11.0,2.0
4.0,2016,7.0,2.0
4.0,2019,7.0,3.0
5.0,2000,206.0,214.0
5.0,2001,100.0,85.0
5.0,2002,157.0,202.0
5.0,2010,31.0,7.0
5.0,2011,38.0,15.0
5.0,2012,21.0,2.0
5.0,2013,7.0,2.0
5.0,2019,10.0,1.0
6.0,2000,115.0,85.0
6.0,2001,143.0,138.0
6.0,2002,133.0,104.0
6.0,2010,10.0,2.0
6.0,2012,22.0,10.0
6.0,2013,3.0,3.0
6.0,2016,10.0,4.0
6.0,2018,7.0,3.0
6.0,2019,10.0,3.0
7.0,2000,84.0,41.0
7.0,2001,137.0,228.0
7.0,2002,255.0,292.0
7.0,2010,28.0,53.0
7.0,2011,11.0,52.0
7.0,2013,7.0,1.0
7.0,2014,14.0,1.0
7.0,2015,3.0,1.0
7.0,2016,20.0,2.0
7.0,2019,3.0,6.0
8.0,2000,92.0,78.0
8.0,2001,129.0,138.0
8.0,2002,156.0,246.0
8.0,2010,3.0,30.0
8.0,2011,46.0,49.0
8.0,2012,35.0,13.0
8.0,2013,20.0,33.0
8.0,2014,17.0,3.0
8.0,2015,7.0,10.0
8.0,2016,5.0,2.0
8.0,2017,4.0,4.0
8.0,2018,4.0,3.0
8.0,2019,10.0,3.0
9.0,2000,224.0,92.0
9.0,2001,156.0,125.0
9.0,2002,238.0,105.0
9.0,2010,12.0,7.0
9.0,2011,11.0,30.0
9.0,2012,7.0,2.0
9.0,2013,4.0,1.0
9.0,2017,4.0,3.0
10.0,2000,106.0,86.0
10.0,2001,138.0,102.0
10.0,2002,160.0,89.0
10.0,2010,7.0,2.0
10.0,2012,30.0,5.0
10.0,2014,10.0,10.0
10.0,2019,7.0,1.0
11.0,2000,116.0,65.0
11.0,2001,181.0,85.0
11.0,2002,186.0,174.0
11.0,2010,34.0,89.0
11.0,2011,45.0,106.0
11.0,2012,21.0,4.0
11.0,2013,41.0,4.0
11.0,2014,41.0,5.0
11.0,2015,39.0,3.0
11.0,2016,3.0,1.0
11.0,2018,14.0,1.0
11.0,2019,10.0,3.0
12.0,2000,39.0,34.0
12.0,2001,92.0,62.0
12.0,2002,77.0,74.0
12.0,2011,7.0,20.0
12.0,2012,20.0,5.0
12.0,2014,7.0,1.0
13.0,2000,30.0,40.0
13.0,2001,37.0,48.0
13.0,2002,51.0,22.0
13.0,2010,25.0,7.0
13.0,2011,57.0,15.0
13.0,2013,10.0,4.0
13.0,2014,2.0,1.0
13.0,2016,15.0,4.0
13.0,2017,14.0,2.0
14.0,2000,34.0,57.0
14.0,2001,40.0,47.0
14.0,2002,81.0,33.0
14.0,2010,10.0,21.0
14.0,2011,34.0,24.0
14.0,2012,34.0,24.0
14.0,2013,30.0,2.0
14.0,2014,14.0,4.0
14.0,2015,10.0,14.0
14.0,2016,4.0,2.0
14.0,2017,11.0,3.0
14.0,2018,2.0,1.0
15.0,2000,22.0,18.0
15.0,2001,41.0,39.0
15.0,2002,46.0,28.0
15.0,2010,34.0,8.0
15.0,2011,20.0,3.0
15.0,2012,7.0,2.0
15.0,2013,5.0,5.0
15.0,2016,4.0,2.0
15.0,2017,5.0,2.0
15.0,2018,5.0,2.0
15.0,2019,10.0,4.0
16.0,2000,4.0,2.0
16.0,2001,14.0,5.0
16.0,2002,23.0,9.0
16.0,2010,1.0,2.0
16.0,2011,10.0,1.0
16.0,2012,39.0,25.0
16.0,2013,5.0,30.0
16.0,2014,7.0,1.0
16.0,2015,7.0,1.0
16.0,2016,7.0,3.0
17.0,2000,5.0,4.0
17.0,2001,49.0,45.0
17.0,2002,8.0,3.0
17.0,2010,36.0,16.0
17.0,2011,52.0,19.0
17.0,2012,12.0,16.0
17.0,2013,2.0,2.0
17.0,2016,3.0,30.0
17.0,2017,7.0,1.0
18.0,2010,20.0,10.0
18.0,2011,31.0,6.0
18.0,2012,13.0,5.0
18.0,2014,10.0,2.0
18.0,2016,10.0,3.0
18.0,2017,10.0,4.0
18.0,2018,12.0,3.0
18.0,2019,10.0,3.0
19.0,2001,38.0,10.0
19.0,2002,28.0,31.0
19.0,2011,3.0,2.0
19.0,2012,5.0,3.0
19.0,2014,10.0,10.0
20.0,2000,15.0,10.0
20.0,2001,21.0,9.0
20.0,2002,24.0,13.0
20.0,2012,25.0,5.0
20.0,2014,18.0,7.0
20.0,2015,4.0,1.0
20.0,2017,2.0,3.0
21.0,2010,10.0,1.0
21.0,2011,22.0,11.0
21.0,2012,7.0,3.0
21.0,2013,14.0,1.0
21.0,2014,21.0,2.0
21.0,2016,14.0,2.0
21.0,2018,10.0,1.0
21.0,2019,31.0,5.0
22.0,2001,3.0,4.0
22.0,2002,20.0,3.0
22.0,2010,7.0,2.0
22.0,2011,17.0,3.0
22.0,2012,14.0,4.0
22.0,2013,14.0,20.0
22.0,2014,16.0,4.0
22.0,2015,1.0,1.0
22.0,2016,8.0,3.0
22.0,2019,10.0,1.0
23.0,2001,10.0,1.0
23.0,2010,37.0,3.0
23.0,2011,37.0,32.0
23.0,2012,28.0,103.0
23.0,2013,7.0,20.0
23.0,2014,7.0,2.0
23.0,2016,7.0,10.0
23.0,2017,10.0,2.0
24.0,2001,5.0,1.0
24.0,2002,30.0,31.0
24.0,2010,10.0,1.0
24.0,2011,7.0,1.0
24.0,2012,25.0,22.0
24.0,2013,7.0,1.0
24.0,2014,16.0,12.0
24.0,2015,14.0,3.0
24.0,2017,5.0,1.0
24.0,2018,10.0,1.0
24.0,2019,20.0,2.0
25.0,2001,20.0,28.0
25.0,2010,10.0,4.0
25.0,2011,25.0,12.0
25.0,2012,20.0,4.0
25.0,2014,32.0,22.0
25.0,2015,15.0,4.0
25.0,2017,10.0,3.0
25.0,2019,5.0,2.0
26.0,2002,15.0,50.0
26.0,2010,1.0,1.0
26.0,2011,21.0,30.0
26.0,2012,20.0,5.0
26.0,2014,7.0,2.0
26.0,2015,5.0,20.0
26.0,2017,10.0,2.0
26.0,2018,20.0,1.0
26.0,2019,2.0,1.0
27.0,2001,31.0,44.0
27.0,2002,10.0,20.0
27.0,2010,16.0,2.0
27.0,2011,7.0,10.0
27.0,2012,20.0,10.0
27.0,2013,14.0,3.0
27.0,2015,13.0,4.0
27.0,2016,10.0,36.0
28.0,2001,10.0,20.0
28.0,2002,5.0,1.0
28.0,2010,37.0,5.0
28.0,2011,20.0,2.0
28.0,2012,40.0,27.0
28.0,2013,7.0,1.0
28.0,2014,7.0,2.0
28.0,2017,4.0,4.0
29.0,2001,5.0,25.0
29.0,2002,30.0,12.0
29.0,2010,22.0,7.0
29.0,2011,17.0,4.0
29.0,2012,27.0,15.0
29.0,2013,9.0,22.0
29.0,2014,18.0,23.0
29.0,2015,20.0,3.0
29.0,2017,1.0,2.0
29.0,2018,20.0,3.0
29.0,2019,7.0,1.0
30.0,2001,5.0,1.0
30.0,2010,44.0,34.0
30.0,2011,75.0,70.0
30.0,2012,39.0,25.0
30.0,2013,46.0,62.0
30.0,2014,42.0,15.0
30.0,2016,3.0,2.0
30.0,2017,7.0,2.0
30.0,2018,21.0,12.0
30.0,2019,2.0,2.0
31.0,2001,7.0,7.0
31.0,2002,6.0,10.0
31.0,2011,24.0,21.0
31.0,2012,19.0,44.0
31.0,2013,4.0,3.0
31.0,2016,8.0,5.0
31.0,2018,3.0,4.0
31.0,2019,10.0,4.0
32.0,2001,37.0,2.0
32.0,2002,10.0,7.0
32.0,2010,33.0,15.0
32.0,2011,11.0,2.0
32.0,2012,8.0,10.0
32.0,2014,17.0,3.0
32.0,2015,22.0,11.0
32.0,2016,29.0,17.0
32.0,2017,20.0,2.0
32.0,2018,8.0,2.0
32.0,2019,5.0,1.0
33.0,2001,7.0,3.0
33.0,2002,6.0,2.0
33.0,2010,30.0,54.0
33.0,2011,3.0,1.0
33.0,2013,10.0,2.0
33.0,2018,30.0,2.0
34.0,2000,7.0,1.0
34.0,2001,31.0,26.0
34.0,2002,27.0,3.0
34.0,2010,10.0,10.0
34.0,2011,41.0,6.0
34.0,2012,4.0,2.0
34.0,2013,9.0,14.0
34.0,2014,18.0,5.0
34.0,2015,6.0,2.0
34.0,2017,7.0,1.0
34.0,2018,10.0,2.0
34.0,2019,6.0,1.0
35.0,2002,10.0,7.0
35.0,2010,4.0,10.0
35.0,2011,7.0,10.0
35.0,2012,10.0,10.0
35.0,2013,10.0,2.0
36.0,2001,10.0,10.0
36.0,2002,20.0,4.0
36.0,2010,40.0,26.0
36.0,2011,43.0,15.0
36.0,2012,21.0,21.0
36.0,2013,34.0,21.0
36.0,2014,39.0,5.0
36.0,2015,12.0,20.0
36.0,2016,16.0,22.0
36.0,2017,21.0,3.0
36.0,2018,17.0,3.0
36.0,2019,20.0,3.0
37.0,2002,10.0,2.0
37.0,2010,41.0,17.0
37.0,2011,51.0,47.0
37.0,2012,26.0,14.0
37.0,2013,31.0,9.0
37.0,2016,3.0,10.0
38.0,2001,10.0,1.0
38.0,2010,7.0,1.0
38.0,2011,18.0,10.0
38.0,2012,33.0,25.0
38.0,2013,7.0,1.0
38.0,2014,9.0,3.0
38.0,2015,28.0,3.0
38.0,2016,14.0,1.0
38.0,2017,8.0,2.0
38.0,2018,4.0,2.0
38.0,2019,6.0,3.0
39.0,2001,15.0,4.0
39.0,2002,14.0,11.0
39.0,2010,34.0,4.0
39.0,2011,31.0,43.0
39.0,2012,24.0,5.0
39.0,2013,7.0,5.0
39.0,2014,30.0,8.0
39.0,2015,7.0,2.0
39.0,2018,7.0,3.0
39.0,2019,7.0,3.0
40.0,2002,7.0,10.0
40.0,2010,49.0,18.0
40.0,2011,41.0,12.0
40.0,2012,31.0,7.0
40.0,2013,31.0,12.0
40.0,2014,19.0,5.0
40.0,2015,21.0,4.0
40.0,2016,29.0,7.0
40.0,2017,14.0,2.0
40.0,2018,19.0,8.0
40.0,2019,23.0,5.0
41.0,2001,5.0,1.0
41.0,2002,17.0,3.0
41.0,2010,20.0,50.0
41.0,2013,7.0,20.0
41.0,2014,2.0,2.0
41.0,2015,20.0,1.0
42.0,2010,14.0,31.0
42.0,2011,7.0,1.0
42.0,2012,7.0,1.0
42.0,2013,20.0,2.0
42.0,2015,11.0,3.0
42.0,2019,5.0,5.0
43.0,2014,7.0,1.0
43.0,2017,7.0,1.0
44.0,2002,3.0,3.0
44.0,2010,32.0,42.0
44.0,2011,20.0,21.0
45.0,2010,10.0,30.0
45.0,2012,10.0,1.0
45.0,2013,10.0,2.0
46.0,2002,7.0,2.0
46.0,2010,14.0,2.0
46.0,2011,14.0,2.0
46.0,2012,33.0,14.0
46.0,2013,17.0,72.0
46.0,2014,7.0,3.0
46.0,2015,13.0,3.0
46.0,2016,3.0,60.0
46.0,2017,13.0,8.0
46.0,2019,20.0,4.0
47.0,2001,7.0,3.0
47.0,2010,12.0,12.0
47.0,2011,101.0,28.0
47.0,2014,3.0,1.0
48.0,2002,10.0,10.0
48.0,2010,19.0,9.0
48.0,2011,7.0,1.0
48.0,2012,7.0,1.0
48.0,2017,7.0,2.0
48.0,2019,3.0,3.0
49.0,2010,7.0,1.0
49.0,2012,14.0,3.0
49.0,2013,10.0,2.0
49.0,2015,35.0,5.0
49.0,2017,10.0,4.0
50.0,2011,2.0,10.0
50.0,2012,14.0,12.0
50.0,2017,11.0,4.0
50.0,2018,2.0,2.0
50.0,2019,2.0,1.0
51.0,2000,109.0,114.0
51.0,2001,149.0,119.0
51.0,2002,396.0,163.0
51.0,2010,10.0,2.0
51.0,2011,8.0,10.0
51.0,2012,18.0,34.0
51.0,2013,10.0,2.0
51.0,2015,6.0,12.0
51.0,2017,10.0,4.0
51.0,2018,10.0,4.0
52.0,2000,62.0,75.0
52.0,2001,92.0,51.0
52.0,2002,193.0,188.0
52.0,2010,12.0,3.0
52.0,2011,16.0,23.0
52.0,2012,12.0,8.0
52.0,2013,24.0,26.0
52.0,2014,10.0,10.0
52.0,2015,5.0,2.0
52.0,2016,5.0,3.0
52.0,2017,7.0,2.0
52.0,2018,10.0,3.0
53.0,2000,32.0,9.0
53.0,2001,36.0,19.0
53.0,2002,116.0,157.0
53.0,2010,7.0,3.0
53.0,2011,30.0,28.0
53.0,2012,17.0,4.0
53.0,2014,6.0,1.0
53.0,2015,20.0,1.0
53.0,2016,7.0,1.0
54.0,2000,20.0,22.0
54.0,2001,6.0,25.0
54.0,2002,175.0,57.0
54.0,2010,13.0,2.0
54.0,2011,7.0,2.0
54.0,2016,2.0,1.0
54.0,2017,5.0,4.0
55.0,2000,7.0,12.0
55.0,2001,30.0,35.0
55.0,2002,55.0,61.0
55.0,2010,19.0,3.0
55.0,2011,25.0,3.0
55.0,2012,3.0,2.0
55.0,2013,8.0,2.0
55.0,2014,10.0,1.0
55.0,2016,6.0,4.0
55.0,2017,3.0,1.0
56.0,2001,10.0,1.0
56.0,2002,18.0,3.0
56.0,2010,4.0,5.0
56.0,2011,11.0,20.0
56.0,2012,10.0,2.0
56.0,2013,15.0,3.0
56.0,2014,7.0,1.0
56.0,2017,7.0,1.0
57.0,2002,17.0,12.0
57.0,2010,29.0,11.0
57.0,2011,10.0,1.0
57.0,2012,26.0,40.0
57.0,2013,10.0,1.0
57.0,2018,6.0,1.0
57.0,2019,5.0,2.0
58.0,2002,7.0,3.0
58.0,2010,24.0,34.0
58.0,2011,25.0,53.0
58.0,2012,21.0,32.0
58.0,2013,21.0,22.0
58.0,2014,17.0,32.0
58.0,2015,4.0,20.0
58.0,2017,10.0,1.0
58.0,2018,7.0,2.0
58.0,2019,5.0,2.0
59.0,2002,30.0,1.0
59.0,2010,21.0,3.0
59.0,2011,2.0,10.0
59.0,2013,10.0,2.0
59.0,2015,17.0,2.0
59.0,2018,15.0,3.0
59.0,2019,3.0,1.0
60.0,2010,10.0,2.0
60.0,2011,15.0,11.0
60.0,2012,50.0,55.0
60.0,2013,10.0,25.0
60.0,2014,10.0,31.0
60.0,2015,11.0,4.0
60.0,2017,5.0,2.0
60.0,2018,2.0,1.0
61.0,2001,10.0,40.0
61.0,2002,15.0,22.0
61.0,2010,14.0,2.0
61.0,2011,24.0,3.0
61.0,2017,9.0,1.0
61.0,2018,10.0,1.0
61.0,2019,1.0,1.0
62.0,2010,12.0,5.0
62.0,2011,39.0,34.0
62.0,2012,15.0,15.0
62.0,2013,13.0,40.0
62.0,2014,8.0,21.0
62.0,2015,13.0,6.0
62.0,2016,19.0,24.0
62.0,2017,8.0,2.0
62.0,2019,24.0,4.0
63.0,2000,7.0,2.0
63.0,2010,8.0,4.0
63.0,2012,30.0,1.0
63.0,2015,10.0,1.0
63.0,2016,7.0,1.0
63.0,2018,7.0,3.0
63.0,2019,10.0,3.0
64.0,2010,10.0,2.0
64.0,2011,31.0,42.0
64.0,2012,35.0,32.0
64.0,2013,1.0,20.0
64.0,2014,17.0,1.0
64.0,2016,3.0,10.0
65.0,2010,8.0,3.0
65.0,2011,25.0,12.0
65.0,2012,4.0,7.0
65.0,2013,3.0,1.0
65.0,2017,10.0,5.0
66.0,2000,5.0,10.0
66.0,2001,7.0,5.0
66.0,2011,40.0,5.0
66.0,2012,15.0,12.0
66.0,2016,15.0,1.0
67.0,2010,27.0,24.0
67.0,2011,15.0,2.0
67.0,2012,21.0,2.0
67.0,2013,21.0,30.0
67.0,2014,31.0,12.0
67.0,2015,7.0,10.0
67.0,2018,30.0,1.0
67.0,2019,2.0,1.0
68.0,2010,14.0,1.0
68.0,2011,7.0,1.0
68.0,2012,50.0,63.0
68.0,2013,20.0,30.0
68.0,2017,7.0,2.0
68.0,2018,7.0,2.0
68.0,2019,14.0,2.0
69.0,2010,50.0,6.0
69.0,2011,26.0,23.0
69.0,2012,12.0,40.0
69.0,2013,7.0,1.0
69.0,2014,7.0,10.0
69.0,2017,10.0,10.0
70.0,2010,10.0,2.0
70.0,2011,10.0,3.0
70.0,2012,17.0,28.0
70.0,2014,21.0,5.0
70.0,2015,8.0,11.0
70.0,2016,7.0,1.0
70.0,2017,10.0,2.0
70.0,2019,7.0,1.0
71.0,2010,14.0,12.0
71.0,2011,14.0,14.0
71.0,2012,18.0,31.0
71.0,2013,10.0,5.0
71.0,2015,17.0,14.0
71.0,2016,6.0,1.0
71.0,2017,10.0,20.0
71.0,2018,7.0,2.0
72.0,2010,18.0,3.0
72.0,2011,16.0,11.0
72.0,2012,40.0,90.0
72.0,2013,14.0,11.0
72.0,2014,14.0,13.0
72.0,2018,7.0,1.0
72.0,2019,20.0,7.0
74.0,2010,5.0,2.0
74.0,2011,4.0,20.0
74.0,2014,7.0,2.0
74.0,2015,10.0,3.0
74.0,2016,7.0,7.0
74.0,2019,20.0,1.0
75.0,2010,20.0,7.0
75.0,2011,20.0,14.0
75.0,2012,14.0,20.0
75.0,2013,7.0,1.0
75.0,2014,4.0,1.0
75.0,2015,10.0,10.0
75.0,2016,20.0,3.0
75.0,2018,10.0,10.0
75.0,2019,20.0,2.0
76.0,2011,7.0,10.0
76.0,2012,35.0,14.0
76.0,2013,40.0,2.0
76.0,2014,23.0,12.0
76.0,2015,8.0,2.0
76.0,2016,22.0,2.0
76.0,2017,5.0,1.0
76.0,2018,16.0,4.0
76.0,2019,16.0,3.0
77.0,2010,7.0,22.0
77.0,2011,21.0,57.0
77.0,2012,36.0,42.0
77.0,2013,17.0,31.0
77.0,2014,3.0,2.0
77.0,2015,8.0,4.0
77.0,2016,7.0,7.0
77.0,2017,10.0,4.0
77.0,2019,7.0,2.0
78.0,2011,39.0,5.0
78.0,2013,7.0,2.0
78.0,2014,2.0,2.0
78.0,2019,5.0,2.0
79.0,2010,5.0,2.0
79.0,2011,9.0,5.0
79.0,2012,10.0,20.0
79.0,2014,10.0,6.0
79.0,2015,10.0,6.0
79.0,2016,13.0,8.0
79.0,2017,22.0,8.0
79.0,2018,15.0,7.0
79.0,2019,10.0,1.0
80.0,2010,15.0,6.0
80.0,2011,5.0,10.0
80.0,2012,9.0,22.0
80.0,2013,15.0,32.0
80.0,2014,7.0,2.0
80.0,2015,7.0,10.0
80.0,2017,13.0,3.0
80.0,2018,2.0,1.0
81.0,2010,10.0,2.0
81.0,2011,2.0,2.0
81.0,2012,19.0,6.0
81.0,2013,7.0,2.0
81.0,2014,9.0,3.0
81.0,2016,7.0,2.0
81.0,2017,4.0,1.0
81.0,2018,8.0,3.0
82.0,2010,10.0,2.0
82.0,2011,2.0,10.0
82.0,2015,3.0,1.0
82.0,2017,4.0,2.0
82.0,2019,15.0,4.0
83.0,2010,14.0,21.0
83.0,2011,47.0,49.0
83.0,2013,28.0,5.0
83.0,2015,20.0,3.0
83.0,2016,14.0,2.0
83.0,2017,20.0,2.0
83.0,2019,5.0,3.0
84.0,2012,1.0,2.0
84.0,2014,2.0,20.0
84.0,2019,14.0,2.0
85.0,2010,7.0,1.0
85.0,2011,42.0,43.0
85.0,2012,10.0,3.0
85.0,2013,16.0,31.0
85.0,2014,21.0,13.0
85.0,2015,34.0,5.0
85.0,2016,12.0,3.0
85.0,2017,8.0,3.0
85.0,2018,15.0,3.0
85.0,2019,22.0,4.0
86.0,2010,20.0,10.0
86.0,2011,30.0,50.0
86.0,2012,7.0,1.0
86.0,2014,20.0,4.0
86.0,2016,18.0,3.0
86.0,2017,5.0,2.0
86.0,2019,2.0,4.0
87.0,2010,22.0,13.0
87.0,2011,10.0,1.0
87.0,2014,7.0,2.0
87.0,2015,4.0,1.0
87.0,2016,4.0,1.0
87.0,2018,5.0,1.0
87.0,2019,3.0,1.0
88.0,2010,10.0,2.0
88.0,2012,20.0,20.0
88.0,2013,10.0,20.0
88.0,2016,28.0,22.0
88.0,2017,16.0,7.0
88.0,2018,19.0,5.0
89.0,2010,3.0,3.0
89.0,2011,22.0,24.0
89.0,2012,17.0,2.0
89.0,2015,15.0,3.0
89.0,2016,20.0,4.0
89.0,2017,10.0,1.0
90.0,2011,5.0,3.0
90.0,2013,17.0,6.0
90.0,2014,39.0,24.0
90.0,2019,3.0,1.0
91.0,2001,7.0,10.0
91.0,2010,47.0,10.0
91.0,2011,43.0,36.0
91.0,2012,61.0,45.0
91.0,2013,18.0,22.0
91.0,2014,30.0,6.0
91.0,2015,20.0,6.0
91.0,2016,17.0,5.0
91.0,2017,7.0,1.0
92.0,2010,4.0,10.0
92.0,2011,5.0,2.0
92.0,2013,10.0,1.0
92.0,2014,10.0,1.0
93.0,2010,12.0,13.0
93.0,2011,8.0,26.0
93.0,2013,3.0,2.0
93.0,2016,10.0,3.0
94.0,2010,24.0,3.0
94.0,2011,17.0,2.0
94.0,2012,2.0,20.0
94.0,2013,10.0,5.0
95.0,2010,10.0,7.0
95.0,2011,27.0,6.0
95.0,2012,5.0,4.0
95.0,2013,11.0,20.0
95.0,2014,10.0,6.0
95.0,2016,4.0,1.0
96.0,2010,10.0,30.0
96.0,2011,24.0,10.0
96.0,2012,27.0,14.0
96.0,2014,10.0,1.0
96.0,2016,7.0,1.0
96.0,2018,4.0,1.0
96.0,2019,4.0,2.0
97.0,2010,9.0,10.0
97.0,2011,4.0,10.0
97.0,2012,10.0,20.0
97.0,2013,5.0,10.0
97.0,2014,5.0,10.0
97.0,2016,20.0,7.0
97.0,2017,4.0,4.0
97.0,2019,10.0,5.0
98.0,2011,20.0,20.0
98.0,2012,24.0,22.0
98.0,2013,10.0,20.0
98.0,2016,12.0,4.0
99.0,2010,30.0,11.0
99.0,2013,10.0,1.0
99.0,2014,10.0,1.0
99.0,2015,6.0,1.0
99.0,2019,5.0,1.0
100.0,2010,21.0,4.0
100.0,2011,18.0,4.0
100.0,2012,28.0,1.0
100.0,2014,14.0,3.0
100.0,2015,10.0,2.0
101.0,2010,10.0,52.0
101.0,2011,45.0,16.0
101.0,2012,53.0,51.0
101.0,2013,20.0,40.0
101.0,2014,22.0,25.0
101.0,2015,19.0,90.0
101.0,2016,21.0,22.0
101.0,2017,19.0,6.0
101.0,2018,19.0,5.0
101.0,2019,21.0,5.0
102.0,2012,17.0,11.0
102.0,2013,14.0,1.0
102.0,2014,10.0,1.0
102.0,2019,4.0,1.0
103.0,2010,22.0,32.0
103.0,2011,2.0,2.0
103.0,2012,20.0,3.0
103.0,2013,7.0,4.0
103.0,2014,17.0,4.0
103.0,2017,7.0,1.0
103.0,2018,7.0,2.0
104.0,2010,20.0,10.0
104.0,2011,7.0,20.0
104.0,2013,10.0,16.0
105.0,2010,25.0,4.0
105.0,2011,17.0,12.0
105.0,2012,10.0,20.0
105.0,2013,7.0,9.0
105.0,2014,20.0,1.0
105.0,2017,10.0,1.0
105.0,2019,8.0,2.0
106.0,2010,29.0,33.0
106.0,2011,7.0,1.0
106.0,2012,10.0,20.0
106.0,2014,7.0,1.0
106.0,2015,7.0,2.0
106.0,2016,7.0,1.0
106.0,2017,11.0,3.0
106.0,2018,14.0,1.0
106.0,2019,7.0,2.0
107.0,2010,3.0,2.0
107.0,2012,10.0,20.0
107.0,2013,4.0,10.0
107.0,2015,7.0,20.0
107.0,2016,7.0,2.0
107.0,2017,3.0,1.0
107.0,2019,4.0,1.0
108.0,2011,48.0,60.0
108.0,2012,16.0,32.0
108.0,2013,3.0,2.0
108.0,2017,6.0,1.0
109.0,2010,37.0,12.0
109.0,2011,57.0,36.0
109.0,2012,22.0,3.0
109.0,2013,40.0,22.0
109.0,2014,15.0,2.0
109.0,2015,22.0,12.0
109.0,2016,12.0,12.0
109.0,2017,11.0,2.0
109.0,2018,16.0,2.0
109.0,2019,12.0,1.0
110.0,2010,10.0,7.0
110.0,2011,4.0,1.0
110.0,2012,14.0,32.0
110.0,2013,3.0,10.0
110.0,2014,3.0,1.0
110.0,2016,10.0,7.0
110.0,2017,4.0,1.0
111.0,2010,29.0,7.0
111.0,2012,4.0,20.0
112.0,2010,7.0,1.0
112.0,2011,1.0,2.0
112.0,2012,7.0,20.0
112.0,2013,14.0,2.0
112.0,2014,13.0,14.0
113.0,2011,44.0,29.0
113.0,2012,34.0,15.0
113.0,2014,8.0,1.0
114.0,2010,20.0,6.0
114.0,2011,21.0,4.0
114.0,2013,7.0,2.0
114.0,2014,12.0,6.0
114.0,2017,7.0,7.0
115.0,2010,4.0,20.0
115.0,2012,10.0,2.0
115.0,2013,16.0,11.0
115.0,2016,1.0,12.0
115.0,2017,5.0,1.0
116.0,2010,11.0,23.0
116.0,2011,21.0,8.0
116.0,2012,42.0,22.0
116.0,2013,6.0,1.0
116.0,2014,12.0,2.0
116.0,2015,20.0,2.0
116.0,2016,55.0,12.0
117.0,2010,14.0,12.0
117.0,2011,17.0,4.0
117.0,2012,10.0,10.0
117.0,2013,6.0,10.0
117.0,2014,29.0,13.0
117.0,2015,10.0,3.0
117.0,2016,11.0,51.0
117.0,2017,7.0,1.0
117.0,2019,14.0,2.0
118.0,2010,5.0,2.0
118.0,2011,69.0,55.0
118.0,2012,29.0,31.0
118.0,2013,5.0,30.0
118.0,2014,10.0,4.0
118.0,2019,7.0,3.0
119.0,2010,3.0,2.0
119.0,2011,18.0,4.0
119.0,2012,13.0,14.0
119.0,2013,4.0,40.0
119.0,2014,14.0,1.0
120.0,2010,12.0,3.0
120.0,2011,34.0,48.0
120.0,2012,36.0,15.0
120.0,2013,21.0,5.0
120.0,2014,21.0,2.0
120.0,2016,5.0,1.0
120.0,2017,10.0,2.0
120.0,2018,10.0,1.0
120.0,2019,10.0,1.0
121.0,2011,16.0,32.0
121.0,2012,14.0,5.0
121.0,2013,7.0,30.0
121.0,2014,19.0,5.0
121.0,2015,18.0,10.0
121.0,2016,3.0,1.0
121.0,2017,10.0,1.0
121.0,2018,8.0,6.0
122.0,2010,10.0,5.0
122.0,2011,15.0,2.0
122.0,2012,10.0,3.0
123.0,2011,20.0,1.0
123.0,2014,4.0,1.0
124.0,2010,5.0,3.0
124.0,2012,7.0,1.0
124.0,2013,10.0,10.0
124.0,2016,10.0,1.0
124.0,2018,7.0,2.0
125.0,2010,10.0,10.0
125.0,2012,17.0,3.0
126.0,2010,7.0,2.0
126.0,2011,2.0,1.0
126.0,2012,10.0,12.0
126.0,2013,20.0,30.0
126.0,2014,7.0,4.0
126.0,2015,8.0,4.0
126.0,2016,7.0,1.0
126.0,2017,3.0,3.0
126.0,2019,10.0,2.0
127.0,2012,93.0,17.0
127.0,2013,10.0,20.0
127.0,2014,9.0,3.0
127.0,2016,26.0,11.0
127.0,2017,7.0,1.0
127.0,2018,8.0,1.0
127.0,2019,2.0,1.0
128.0,2010,3.0,12.0
128.0,2011,29.0,38.0
128.0,2012,15.0,17.0
128.0,2013,28.0,31.0
128.0,2014,6.0,1.0
128.0,2015,11.0,11.0
128.0,2017,9.0,2.0
128.0,2018,11.0,2.0
128.0,2019,7.0,2.0
129.0,2011,18.0,2.0
129.0,2012,14.0,1.0
129.0,2016,4.0,10.0
129.0,2018,10.0,1.0
130.0,2010,7.0,5.0
130.0,2011,30.0,11.0
130.0,2012,10.0,10.0
130.0,2014,4.0,10.0
130.0,2018,7.0,1.0
130.0,2019,7.0,2.0
131.0,2011,17.0,12.0
131.0,2012,6.0,2.0
131.0,2013,10.0,1.0
131.0,2014,5.0,1.0
131.0,2016,4.0,2.0
131.0,2017,5.0,2.0
131.0,2018,2.0,1.0
131.0,2019,2.0,2.0
132.0,2011,17.0,17.0
132.0,2012,15.0,15.0
132.0,2013,11.0,20.0
132.0,2015,7.0,10.0
132.0,2016,12.0,13.0
132.0,2017,14.0,10.0
132.0,2018,21.0,12.0
132.0,2019,30.0,5.0
133.0,2010,20.0,22.0
133.0,2011,20.0,2.0
133.0,2013,21.0,4.0
133.0,2014,12.0,5.0
134.0,2011,24.0,15.0
134.0,2012,20.0,20.0
134.0,2013,2.0,10.0
134.0,2016,16.0,11.0
134.0,2018,10.0,2.0
134.0,2019,10.0,1.0
135.0,2010,10.0,2.0
135.0,2011,10.0,1.0
135.0,2012,10.0,4.0
135.0,2013,16.0,12.0
135.0,2014,7.0,2.0
135.0,2016,7.0,10.0
135.0,2017,4.0,1.0
135.0,2018,22.0,4.0
136.0,2010,28.0,6.0
136.0,2011,14.0,11.0
136.0,2012,4.0,12.0
136.0,2013,4.0,20.0
136.0,2016,13.0,16.0
136.0,2018,7.0,2.0
136.0,2019,7.0,3.0
137.0,2010,14.0,15.0
137.0,2011,4.0,3.0
137.0,2012,14.0,10.0
137.0,2014,10.0,6.0
137.0,2017,4.0,1.0
138.0,2010,7.0,4.0
138.0,2012,7.0,20.0
138.0,2013,12.0,22.0
138.0,2014,14.0,3.0
138.0,2015,17.0,14.0
138.0,2016,14.0,20.0
139.0,2010,22.0,6.0
139.0,2011,19.0,9.0
139.0,2012,18.0,5.0
139.0,2013,17.0,5.0
139.0,2014,17.0,3.0
139.0,2015,16.0,7.0
139.0,2016,19.0,21.0
139.0,2017,12.0,12.0
139.0,2019,3.0,2.0
140.0,2010,15.0,2.0
140.0,2011,5.0,1.0
140.0,2012,5.0,2.0
140.0,2013,4.0,2.0
140.0,2014,7.0,3.0
140.0,2016,5.0,2.0
140.0,2017,17.0,4.0
140.0,2018,14.0,7.0
141.0,2010,14.0,3.0
141.0,2011,21.0,5.0
141.0,2012,14.0,2.0
142.0,2010,20.0,10.0
142.0,2011,37.0,33.0
142.0,2012,57.0,26.0
142.0,2013,10.0,2.0
142.0,2015,5.0,1.0
142.0,2016,10.0,5.0
143.0,2011,3.0,2.0
143.0,2014,7.0,4.0
143.0,2015,10.0,1.0
143.0,2017,4.0,1.0
143.0,2019,5.0,1.0
144.0,2010,6.0,2.0
144.0,2011,8.0,29.0
144.0,2012,10.0,12.0
144.0,2013,12.0,52.0
144.0,2014,9.0,12.0
144.0,2015,2.0,10.0
144.0,2016,2.0,10.0
144.0,2018,2.0,2.0
144.0,2019,2.0,3.0
145.0,2010,41.0,9.0
145.0,2011,45.0,7.0
145.0,2012,50.0,31.0
145.0,2013,20.0,7.0
145.0,2014,30.0,5.0
145.0,2015,17.0,5.0
145.0,2016,7.0,2.0
145.0,2017,40.0,2.0
145.0,2018,20.0,4.0
146.0,2010,38.0,15.0
146.0,2011,30.0,9.0
146.0,2012,10.0,2.0
146.0,2013,20.0,3.0
146.0,2015,14.0,1.0
146.0,2016,10.0,10.0
147.0,2010,6.0,2.0
147.0,2011,15.0,10.0
147.0,2012,27.0,4.0
147.0,2013,6.0,10.0
147.0,2014,9.0,1.0
147.0,2015,7.0,12.0
148.0,2010,7.0,36.0
148.0,2011,20.0,3.0
148.0,2013,15.0,15.0
148.0,2014,5.0,5.0
148.0,2015,5.0,1.0
148.0,2017,9.0,5.0
148.0,2018,12.0,7.0
148.0,2019,15.0,4.0
149.0,2010,12.0,21.0
149.0,2011,47.0,36.0
149.0,2012,24.0,61.0
149.0,2014,20.0,2.0
149.0,2015,2.0,2.0
149.0,2016,4.0,20.0
149.0,2018,33.0,2.0
149.0,2019,15.0,2.0
150.0,2010,22.0,3.0
150.0,2011,32.0,32.0
150.0,2012,23.0,31.0
150.0,2013,17.0,22.0
150.0,2014,34.0,15.0
150.0,2015,40.0,13.0
150.0,2016,10.0,3.0
151.0,2010,6.0,1.0
151.0,2013,10.0,60.0
151.0,2015,9.0,8.0
151.0,2016,20.0,3.0
151.0,2018,12.0,3.0
151.0,2019,2.0,2.0
152.0,2010,18.0,5.0
152.0,2011,43.0,16.0
152.0,2012,13.0,4.0
152.0,2013,1.0,20.0
152.0,2015,44.0,16.0
152.0,2016,10.0,14.0
152.0,2017,15.0,1.0
152.0,2019,40.0,2.0
153.0,2010,19.0,2.0
153.0,2011,31.0,44.0
153.0,2012,47.0,42.0
153.0,2014,14.0,1.0
153.0,2015,20.0,2.0
153.0,2016,20.0,2.0
153.0,2018,15.0,1.0
154.0,2010,12.0,14.0
154.0,2011,7.0,2.0
154.0,2012,24.0,15.0
154.0,2013,8.0,7.0
154.0,2014,12.0,6.0
154.0,2015,5.0,2.0
154.0,2016,5.0,3.0
154.0,2017,8.0,5.0
154.0,2018,7.0,2.0
155.0,2010,13.0,18.0
155.0,2011,23.0,15.0
155.0,2012,19.0,5.0
155.0,2013,9.0,30.0
155.0,2014,10.0,1.0
155.0,2016,3.0,10.0
155.0,2017,7.0,2.0
155.0,2018,9.0,4.0
155.0,2019,8.0,7.0
156.0,2010,4.0,2.0
156.0,2011,14.0,2.0
156.0,2012,20.0,13.0
156.0,2013,12.0,35.0
156.0,2014,8.0,2.0
156.0,2016,7.0,10.0
156.0,2017,7.0,10.0
156.0,2019,12.0,3.0
157.0,2010,7.0,1.0
157.0,2011,26.0,34.0
157.0,2012,7.0,3.0
157.0,2013,10.0,12.0
157.0,2015,10.0,4.0
158.0,2010,71.0,12.0
158.0,2011,19.0,33.0
158.0,2012,30.0,15.0
158.0,2013,7.0,2.0
158.0,2014,15.0,4.0
158.0,2015,14.0,1.0
158.0,2019,5.0,1.0
159.0,2010,21.0,7.0
159.0,2011,12.0,3.0
159.0,2013,17.0,5.0
159.0,2015,12.0,5.0
159.0,2017,5.0,2.0
160.0,2010,20.0,6.0
160.0,2011,5.0,3.0
160.0,2012,16.0,40.0
160.0,2013,16.0,11.0
160.0,2014,20.0,11.0
160.0,2015,2.0,2.0
160.0,2017,20.0,2.0
160.0,2019,20.0,1.0
161.0,2010,3.0,2.0
161.0,2011,10.0,2.0
161.0,2012,10.0,3.0
161.0,2015,15.0,5.0
161.0,2016,7.0,10.0
161.0,2019,5.0,1.0
162.0,2010,17.0,11.0
162.0,2011,39.0,35.0
162.0,2012,28.0,64.0
162.0,2013,24.0,22.0
162.0,2014,14.0,1.0
162.0,2015,18.0,6.0
162.0,2018,7.0,2.0
162.0,2019,10.0,2.0
163.0,2010,34.0,20.0
163.0,2011,47.0,25.0
163.0,2012,10.0,3.0
163.0,2015,10.0,2.0
163.0,2017,10.0,2.0
164.0,2010,7.0,5.0
164.0,2011,19.0,114.0
164.0,2012,31.0,24.0
164.0,2013,28.0,23.0
164.0,2014,20.0,2.0
164.0,2015,21.0,20.0
164.0,2016,27.0,34.0
164.0,2017,37.0,12.0
164.0,2018,10.0,2.0
164.0,2019,25.0,3.0
165.0,2011,2.0,1.0
165.0,2012,22.0,26.0
165.0,2013,2.0,1.0
165.0,2014,18.0,51.0
165.0,2015,10.0,9.0
165.0,2017,7.0,1.0
165.0,2018,9.0,2.0
165.0,2019,29.0,3.0
166.0,2010,16.0,2.0
166.0,2011,10.0,12.0
166.0,2012,7.0,1.0
166.0,2013,17.0,13.0
166.0,2014,10.0,1.0
166.0,2017,15.0,4.0
166.0,2019,3.0,2.0
167.0,2010,2.0,1.0
167.0,2011,10.0,10.0
167.0,2013,20.0,12.0
167.0,2017,7.0,2.0
168.0,2010,7.0,2.0
168.0,2011,20.0,30.0
168.0,2012,7.0,1.0
168.0,2013,10.0,3.0
168.0,2014,17.0,8.0
168.0,2015,2.0,1.0
168.0,2016,32.0,4.0
168.0,2017,7.0,5.0
168.0,2018,10.0,5.0
169.0,2010,8.0,3.0
169.0,2011,29.0,23.0
169.0,2012,10.0,2.0
169.0,2013,5.0,1.0
169.0,2017,10.0,12.0
169.0,2018,1.0,1.0
169.0,2019,1.0,1.0
170.0,2010,11.0,3.0
170.0,2011,1.0,1.0
170.0,2012,7.0,1.0
170.0,2013,7.0,3.0
170.0,2016,5.0,2.0
170.0,2018,5.0,1.0
171.0,2010,13.0,6.0
171.0,2011,35.0,26.0
171.0,2015,4.0,2.0
171.0,2016,10.0,1.0
171.0,2017,3.0,2.0
171.0,2018,2.0,2.0
172.0,2010,3.0,2.0
172.0,2011,15.0,4.0
172.0,2013,10.0,12.0
172.0,2014,3.0,3.0
172.0,2015,5.0,2.0
172.0,2017,3.0,2.0
172.0,2018,10.0,1.0
173.0,2012,5.0,1.0
173.0,2013,17.0,15.0
173.0,2015,10.0,12.0
173.0,2016,4.0,1.0
173.0,2017,7.0,1.0
173.0,2019,6.0,2.0
174.0,2011,10.0,10.0
174.0,2015,5.0,1.0
174.0,2018,7.0,2.0
175.0,2010,20.0,5.0
175.0,2011,17.0,17.0
175.0,2012,10.0,24.0
175.0,2013,29.0,36.0
175.0,2014,23.0,9.0
175.0,2015,10.0,12.0
175.0,2016,11.0,13.0
175.0,2017,8.0,4.0
175.0,2018,7.0,3.0
175.0,2019,10.0,2.0
176.0,2011,2.0,1.0
176.0,2019,54.0,5.0
177.0,2010,35.0,22.0
177.0,2011,27.0,47.0
177.0,2012,3.0,10.0
177.0,2013,34.0,7.0
177.0,2015,20.0,35.0
177.0,2016,13.0,3.0
177.0,2017,12.0,7.0
177.0,2018,4.0,5.0
177.0,2019,7.0,1.0
178.0,2011,10.0,1.0
178.0,2012,7.0,1.0
178.0,2013,14.0,10.0
178.0,2014,21.0,4.0
178.0,2015,5.0,20.0
178.0,2016,14.0,2.0
179.0,2011,14.0,3.0
179.0,2012,11.0,3.0
179.0,2013,30.0,5.0
179.0,2015,2.0,1.0
179.0,2016,3.0,3.0
179.0,2018,14.0,2.0
179.0,2019,14.0,2.0
180.0,2010,57.0,30.0
180.0,2011,25.0,21.0
180.0,2012,20.0,2.0
180.0,2013,10.0,1.0
181.0,2010,20.0,20.0
181.0,2011,7.0,2.0
181.0,2012,1.0,1.0
181.0,2013,10.0,1.0
181.0,2018,5.0,2.0
182.0,2010,10.0,5.0
182.0,2011,10.0,2.0
182.0,2015,2.0,4.0
182.0,2018,6.0,2.0
183.0,2010,4.0,1.0
183.0,2012,14.0,5.0
183.0,2019,7.0,1.0
184.0,2010,5.0,1.0
184.0,2011,15.0,7.0
184.0,2012,23.0,6.0
184.0,2013,14.0,1.0
184.0,2014,30.0,10.0
184.0,2015,24.0,15.0
184.0,2016,20.0,24.0
184.0,2017,16.0,15.0
184.0,2018,10.0,2.0
184.0,2019,3.0,5.0
185.0,2011,20.0,11.0
185.0,2012,3.0,1.0
185.0,2016,1.0,4.0
185.0,2017,1.0,3.0
186.0,2010,12.0,3.0
186.0,2011,9.0,21.0
186.0,2012,14.0,4.0
186.0,2013,2.0,2.0
186.0,2014,12.0,8.0
186.0,2015,11.0,11.0
186.0,2016,13.0,4.0
186.0,2017,7.0,1.0
186.0,2018,2.0,1.0
186.0,2019,7.0,4.0
187.0,2010,10.0,1.0
187.0,2011,17.0,6.0
187.0,2017,7.0,1.0
188.0,2010,17.0,6.0
188.0,2012,7.0,2.0
188.0,2015,12.0,5.0
188.0,2016,10.0,2.0
188.0,2018,10.0,1.0
189.0,2010,11.0,4.0
189.0,2011,18.0,23.0
189.0,2012,37.0,14.0
189.0,2013,10.0,3.0
189.0,2014,7.0,2.0
189.0,2015,13.0,12.0
189.0,2017,7.0,10.0
189.0,2018,12.0,3.0
189.0,2019,12.0,3.0
190.0,2010,17.0,4.0
190.0,2011,14.0,3.0
190.0,2012,7.0,2.0
190.0,2013,5.0,10.0
190.0,2014,25.0,17.0
190.0,2015,7.0,20.0
190.0,2016,7.0,20.0
190.0,2017,3.0,7.0
190.0,2019,7.0,5.0
191.0,2010,7.0,10.0
191.0,2011,14.0,11.0
191.0,2012,24.0,4.0
191.0,2013,7.0,2.0
191.0,2014,28.0,5.0
191.0,2016,3.0,2.0
191.0,2017,24.0,2.0
191.0,2018,4.0,2.0
191.0,2019,4.0,3.0
192.0,2011,8.0,3.0
192.0,2012,17.0,4.0
192.0,2013,3.0,2.0
193.0,2010,14.0,3.0
193.0,2011,10.0,2.0
193.0,2012,17.0,4.0
193.0,2013,4.0,10.0
194.0,2010,7.0,12.0
194.0,2011,14.0,10.0
194.0,2015,5.0,4.0
195.0,2010,21.0,9.0
195.0,2011,13.0,3.0
195.0,2014,7.0,2.0
195.0,2016,2.0,1.0
195.0,2017,13.0,5.0
195.0,2018,2.0,1.0
196.0,2010,18.0,3.0
196.0,2011,14.0,5.0
196.0,2012,14.0,2.0
196.0,2014,32.0,13.0
197.0,2011,15.0,3.0
197.0,2012,2.0,1.0
197.0,2013,1.0,1.0
197.0,2014,5.0,1.0
198.0,2010,17.0,11.0
198.0,2011,7.0,5.0
198.0,2012,15.0,6.0
198.0,2013,7.0,7.0
198.0,2016,10.0,10.0
199.0,2011,19.0,6.0
199.0,2012,3.0,40.0
199.0,2018,10.0,1.0
200.0,2010,7.0,12.0
200.0,2011,11.0,13.0
200.0,2012,16.0,30.0
200.0,2019,2.0,1.0
201.0,2010,21.0,6.0
201.0,2011,1.0,1.0
201.0,2013,7.0,10.0
201.0,2014,17.0,9.0
201.0,2015,8.0,1.0
201.0,2017,7.0,2.0
201.0,2019,7.0,1.0
202.0,2010,25.0,1.0
202.0,2011,3.0,12.0
202.0,2012,9.0,2.0
202.0,2015,10.0,2.0
202.0,2019,20.0,6.0
203.0,2010,5.0,2.0
203.0,2011,19.0,3.0
203.0,2012,19.0,7.0
203.0,2013,10.0,2.0
203.0,2014,5.0,2.0
203.0,2016,2.0,2.0
203.0,2017,2.0,2.0
203.0,2018,2.0,2.0
203.0,2019,2.0,2.0
204.0,2010,13.0,8.0
204.0,2012,2.0,2.0
204.0,2013,27.0,20.0
204.0,2015,10.0,2.0
205.0,2010,3.0,1.0
205.0,2011,12.0,3.0
205.0,2012,5.0,2.0
205.0,2013,15.0,3.0
205.0,2014,3.0,2.0
205.0,2015,3.0,1.0
205.0,2016,2.0,1.0
205.0,2017,2.0,2.0
206.0,2010,20.0,3.0
206.0,2011,61.0,64.0
206.0,2012,32.0,43.0
206.0,2013,7.0,2.0
206.0,2014,10.0,4.0
206.0,2015,24.0,6.0
206.0,2017,14.0,2.0
206.0,2018,33.0,5.0
206.0,2019,7.0,1.0
207.0,2011,6.0,13.0
207.0,2012,10.0,6.0
207.0,2015,4.0,40.0
208.0,2010,2.0,1.0
208.0,2011,19.0,33.0
208.0,2012,7.0,2.0
208.0,2015,7.0,2.0
209.0,2010,8.0,11.0
209.0,2011,4.0,12.0
209.0,2012,13.0,6.0
209.0,2014,2.0,2.0
209.0,2015,10.0,3.0
209.0,2018,13.0,11.0
209.0,2019,5.0,1.0
210.0,2010,16.0,2.0
210.0,2011,7.0,1.0
210.0,2012,10.0,1.0
211.0,2010,51.0,13.0
211.0,2011,26.0,14.0
211.0,2012,10.0,10.0
211.0,2013,12.0,22.0
211.0,2014,7.0,2.0
211.0,2017,4.0,1.0
212.0,2010,27.0,21.0
212.0,2011,5.0,24.0
212.0,2012,12.0,26.0
212.0,2013,17.0,40.0
212.0,2014,7.0,1.0
212.0,2015,3.0,10.0
212.0,2018,5.0,1.0
213.0,2010,15.0,3.0
213.0,2011,18.0,21.0
213.0,2012,30.0,16.0
213.0,2014,20.0,1.0
213.0,2015,7.0,1.0
213.0,2017,4.0,2.0
213.0,2019,12.0,3.0
214.0,2010,7.0,4.0
214.0,2011,1.0,48.0
214.0,2012,10.0,2.0
214.0,2013,5.0,5.0
214.0,2014,17.0,5.0
214.0,2015,9.0,5.0
214.0,2016,4.0,2.0
214.0,2017,4.0,1.0
214.0,2018,2.0,1.0
214.0,2019,2.0,1.0
215.0,2010,30.0,30.0
215.0,2011,10.0,20.0
215.0,2012,3.0,4.0
215.0,2014,3.0,1.0
215.0,2019,3.0,2.0
216.0,2011,6.0,1.0
216.0,2012,3.0,2.0
216.0,2013,1.0,2.0
216.0,2014,7.0,2.0
216.0,2018,7.0,1.0
217.0,2010,9.0,17.0
217.0,2011,9.0,24.0
217.0,2012,10.0,3.0
217.0,2013,10.0,2.0
217.0,2014,2.0,1.0
217.0,2015,16.0,3.0
217.0,2016,15.0,5.0
217.0,2018,8.0,5.0
218.0,2010,20.0,31.0
218.0,2011,44.0,28.0
218.0,2012,8.0,14.0
218.0,2013,40.0,15.0
218.0,2014,19.0,4.0
218.0,2015,10.0,2.0
218.0,2016,18.0,2.0
218.0,2017,14.0,1.0
218.0,2018,4.0,5.0
218.0,2019,7.0,3.0
219.0,2011,4.0,2.0
220.0,2012,7.0,2.0
220.0,2013,4.0,20.0
220.0,2016,7.0,2.0
221.0,2017,10.0,2.0
222.0,2011,10.0,2.0
222.0,2012,20.0,2.0
223.0,2010,16.0,22.0
223.0,2011,7.0,13.0
223.0,2012,9.0,4.0
223.0,2013,7.0,15.0
223.0,2014,12.0,2.0
223.0,2016,3.0,1.0
223.0,2017,6.0,5.0
223.0,2018,5.0,2.0
224.0,2010,6.0,1.0
224.0,2011,31.0,35.0
224.0,2012,15.0,4.0
224.0,2014,10.0,2.0
224.0,2015,11.0,2.0
224.0,2016,6.0,6.0
224.0,2017,6.0,10.0
225.0,2011,18.0,11.0
225.0,2012,11.0,5.0
225.0,2014,2.0,1.0
225.0,2015,7.0,40.0
225.0,2016,5.0,5.0
225.0,2018,7.0,2.0
226.0,2014,7.0,2.0
226.0,2015,10.0,2.0
226.0,2016,10.0,1.0
226.0,2017,1.0,1.0
226.0,2018,14.0,2.0
227.0,2010,1.0,1.0
227.0,2011,20.0,14.0
227.0,2012,1.0,1.0
228.0,2010,60.0,7.0
228.0,2011,14.0,10.0
228.0,2012,10.0,30.0
228.0,2014,17.0,41.0
228.0,2019,14.0,5.0
229.0,2012,20.0,8.0
229.0,2013,21.0,2.0
229.0,2015,2.0,3.0
229.0,2016,15.0,21.0
229.0,2017,4.0,2.0
230.0,2010,17.0,12.0
230.0,2011,10.0,5.0
230.0,2013,4.0,2.0
230.0,2014,7.0,10.0
231.0,2011,22.0,12.0
231.0,2012,20.0,31.0
231.0,2014,20.0,60.0
231.0,2018,15.0,1.0
231.0,2019,10.0,2.0
232.0,2010,2.0,10.0
232.0,2012,8.0,2.0
232.0,2014,2.0,3.0
232.0,2018,2.0,2.0
232.0,2019,1.0,2.0
233.0,2010,24.0,6.0
233.0,2011,8.0,75.0
233.0,2012,10.0,1.0
233.0,2013,10.0,36.0
233.0,2014,8.0,4.0
233.0,2015,7.0,20.0
233.0,2016,20.0,3.0
233.0,2017,28.0,7.0
233.0,2018,20.0,2.0
234.0,2010,14.0,7.0
234.0,2011,15.0,13.0
234.0,2012,8.0,6.0
234.0,2017,14.0,1.0
234.0,2018,11.0,2.0
235.0,2011,10.0,3.0
235.0,2012,2.0,2.0
235.0,2013,10.0,1.0
235.0,2014,10.0,2.0
235.0,2019,20.0,2.0
236.0,2012,7.0,2.0
236.0,2013,7.0,2.0
236.0,2014,7.0,2.0
236.0,2017,7.0,5.0
236.0,2018,5.0,2.0
237.0,2011,5.0,1.0
237.0,2016,10.0,10.0
237.0,2017,10.0,2.0
239.0,2012,14.0,12.0
239.0,2017,4.0,1.0
240.0,2010,14.0,1.0
240.0,2012,7.0,5.0
240.0,2013,7.0,20.0
240.0,2015,10.0,12.0
241.0,2010,5.0,1.0
241.0,2012,7.0,2.0
241.0,2013,16.0,20.0
241.0,2014,10.0,10.0
242.0,2010,7.0,1.0
242.0,2013,27.0,42.0
242.0,2017,10.0,1.0
242.0,2018,10.0,1.0
242.0,2019,10.0,1.0
243.0,2012,4.0,12.0
243.0,2014,10.0,24.0
243.0,2016,8.0,14.0
244.0,2010,7.0,6.0
244.0,2011,20.0,10.0
244.0,2012,7.0,2.0
244.0,2013,7.0,20.0
244.0,2014,10.0,10.0
244.0,2016,3.0,10.0
244.0,2017,10.0,1.0
245.0,2011,20.0,10.0
245.0,2012,4.0,48.0
245.0,2013,20.0,5.0
245.0,2015,10.0,10.0
246.0,2011,10.0,20.0
246.0,2012,21.0,4.0
246.0,2013,10.0,20.0
246.0,2017,5.0,2.0
247.0,2012,14.0,1.0
247.0,2013,20.0,10.0
248.0,2010,10.0,1.0
248.0,2012,10.0,1.0
248.0,2019,7.0,3.0
249.0,2010,5.0,1.0
249.0,2011,17.0,7.0
249.0,2013,7.0,2.0
249.0,2015,4.0,3.0
249.0,2017,20.0,2.0
249.0,2018,2.0,2.0
249.0,2019,14.0,1.0
250.0,2010,7.0,10.0
250.0,2011,12.0,22.0
250.0,2017,7.0,2.0
250.0,2018,10.0,5.0
251.0,2012,7.0,2.0
251.0,2015,10.0,20.0
251.0,2017,10.0,3.0
251.0,2018,17.0,2.0
252.0,2010,14.0,50.0
252.0,2011,12.0,12.0
252.0,2017,7.0,1.0
252.0,2018,10.0,1.0
252.0,2019,7.0,1.0
253.0,2010,10.0,2.0
253.0,2012,17.0,2.0
253.0,2013,20.0,9.0
253.0,2015,79.0,7.0
254.0,2011,10.0,4.0
254.0,2012,17.0,3.0
254.0,2013,6.0,2.0
254.0,2015,17.0,11.0
255.0,2010,2.0,1.0
255.0,2011,26.0,21.0
255.0,2012,20.0,3.0
255.0,2013,14.0,20.0
255.0,2014,23.0,11.0
256.0,2013,34.0,24.0
256.0,2014,13.0,70.0
256.0,2015,10.0,10.0
257.0,2010,17.0,20.0
257.0,2013,10.0,10.0
259.0,2011,4.0,2.0
259.0,2012,10.0,10.0
259.0,2013,10.0,1.0
259.0,2016,15.0,10.0
259.0,2017,14.0,1.0
259.0,2018,10.0,1.0
259.0,2019,10.0,1.0
260.0,2010,14.0,1.0
260.0,2015,4.0,3.0
260.0,2016,10.0,2.0
261.0,2011,4.0,20.0
261.0,2012,5.0,1.0
261.0,2013,2.0,1.0
261.0,2015,7.0,6.0
261.0,2016,7.0,1.0
262.0,2010,7.0,20.0
262.0,2013,5.0,1.0
263.0,2010,2.0,20.0
263.0,2012,7.0,1.0
263.0,2015,20.0,2.0
263.0,2018,4.0,3.0
263.0,2019,7.0,2.0
264.0,2013,7.0,6.0
265.0,2010,21.0,10.0
265.0,2011,22.0,7.0
265.0,2018,10.0,3.0
266.0,2017,7.0,1.0
267.0,2010,10.0,10.0
267.0,2011,20.0,30.0
267.0,2012,30.0,44.0
267.0,2013,14.0,26.0
267.0,2014,5.0,1.0
267.0,2015,10.0,1.0
267.0,2018,3.0,1.0
269.0,2012,4.0,1.0
269.0,2015,3.0,20.0
269.0,2017,4.0,3.0
270.0,2011,20.0,2.0
270.0,2012,14.0,2.0
270.0,2018,5.0,1.0
271.0,2010,10.0,1.0
272.0,2010,3.0,1.0
272.0,2013,7.0,2.0
273.0,2014,7.0,7.0
274.0,2011,7.0,24.0
275.0,2012,10.0,10.0
275.0,2013,20.0,100.0
276.0,2011,13.0,60.0
277.0,2012,10.0,10.0
277.0,2017,2.0,3.0
280.0,2010,20.0,3.0
280.0,2011,20.0,2.0
280.0,2015,7.0,1.0
281.0,2010,5.0,1.0
281.0,2012,4.0,20.0
282.0,2010,10.0,20.0
282.0,2011,26.0,14.0
282.0,2012,10.0,10.0
283.0,2010,5.0,4.0
284.0,2014,6.0,4.0
285.0,2013,10.0,1.0
285.0,2015,2.0,10.0
285.0,2016,10.0,10.0
285.0,2017,10.0,5.0
286.0,2010,7.0,20.0
286.0,2011,10.0,2.0
286.0,2014,4.0,20.0
286.0,2017,7.0,1.0
286.0,2018,11.0,3.0
286.0,2019,7.0,1.0
288.0,2011,14.0,30.0
288.0,2012,30.0,28.0
288.0,2014,20.0,2.0
288.0,2015,7.0,10.0
288.0,2016,10.0,1.0
289.0,2010,20.0,15.0
289.0,2012,10.0,1.0
289.0,2016,6.0,2.0
289.0,2017,5.0,2.0
290.0,2010,6.0,1.0
290.0,2016,5.0,2.0
291.0,2010,5.0,10.0
291.0,2011,5.0,10.0
291.0,2012,7.0,1.0
291.0,2013,7.0,1.0
291.0,2014,30.0,3.0
291.0,2015,10.0,1.0
291.0,2016,7.0,1.0
291.0,2019,10.0,1.0
292.0,2013,3.0,2.0
292.0,2014,7.0,1.0
293.0,2010,13.0,14.0
293.0,2011,32.0,24.0
293.0,2012,36.0,3.0
293.0,2013,35.0,42.0
293.0,2014,27.0,9.0
293.0,2015,7.0,30.0
293.0,2016,6.0,20.0
293.0,2017,7.0,1.0
293.0,2018,5.0,2.0
294.0,2010,27.0,4.0
294.0,2012,10.0,1.0
294.0,2013,20.0,3.0
294.0,2014,2.0,2.0
294.0,2015,12.0,9.0
294.0,2016,17.0,4.0
294.0,2017,20.0,6.0
295.0,2011,20.0,10.0
295.0,2012,20.0,3.0
295.0,2013,10.0,3.0
295.0,2014,28.0,3.0
295.0,2016,10.0,4.0
295.0,2019,28.0,1.0
296.0,2011,10.0,5.0
296.0,2013,20.0,1.0
296.0,2014,46.0,19.0
296.0,2019,20.0,3.0
297.0,2010,17.0,17.0
297.0,2011,24.0,12.0
297.0,2014,10.0,2.0
297.0,2016,10.0,2.0
297.0,2018,7.0,2.0
298.0,2012,7.0,1.0
298.0,2013,10.0,1.0
298.0,2019,3.0,1.0
299.0,2010,10.0,1.0
299.0,2013,10.0,1.0
299.0,2014,10.0,1.0
299.0,2018,14.0,3.0
300.0,2010,2.0,2.0
300.0,2012,10.0,30.0
300.0,2013,5.0,2.0
300.0,2014,10.0,1.0
301.0,2013,14.0,2.0
302.0,2010,6.0,2.0
303.0,2010,3.0,1.0
303.0,2011,3.0,4.0
303.0,2013,6.0,4.0
303.0,2014,5.0,7.0
304.0,2012,12.0,5.0
304.0,2017,7.0,1.0
305.0,2014,7.0,20.0
305.0,2018,7.0,2.0
305.0,2019,7.0,2.0
306.0,2010,5.0,10.0
306.0,2013,30.0,2.0
306.0,2014,20.0,2.0
306.0,2015,30.0,5.0
306.0,2017,7.0,1.0
310.0,2010,7.0,30.0
310.0,2012,7.0,50.0
310.0,2015,10.0,1.0
310.0,2018,7.0,1.0
310.0,2019,10.0,1.0
311.0,2011,21.0,10.0
311.0,2013,7.0,3.0
311.0,2017,7.0,1.0
311.0,2018,7.0,1.0
312.0,2010,10.0,10.0
312.0,2011,34.0,6.0
312.0,2013,5.0,10.0
312.0,2015,4.0,1.0
312.0,2016,5.0,2.0
312.0,2017,10.0,3.0
312.0,2018,5.0,2.0
312.0,2019,26.0,3.0
313.0,2010,7.0,2.0
313.0,2012,20.0,2.0
313.0,2014,7.0,2.0
314.0,2010,3.0,1.0
314.0,2011,7.0,1.0
314.0,2012,7.0,2.0
314.0,2016,15.0,3.0
314.0,2017,7.0,2.0
314.0,2018,4.0,3.0
314.0,2019,11.0,7.0
315.0,2010,2.0,20.0
315.0,2011,3.0,10.0
315.0,2012,10.0,10.0
316.0,2010,6.0,10.0
316.0,2011,7.0,10.0
316.0,2012,23.0,20.0
316.0,2019,10.0,1.0
317.0,2010,10.0,2.0
318.0,2011,9.0,1.0
319.0,2010,7.0,1.0
320.0,2013,5.0,10.0
320.0,2018,2.0,1.0
321.0,2011,14.0,2.0
321.0,2013,3.0,30.0
321.0,2014,2.0,2.0
321.0,2016,6.0,2.0
321.0,2019,20.0,2.0
322.0,2011,24.0,32.0
322.0,2012,4.0,10.0
324.0,2014,2.0,20.0
325.0,2010,5.0,3.0
325.0,2011,10.0,1.0
325.0,2012,5.0,1.0
327.0,2011,14.0,20.0
327.0,2012,16.0,30.0
327.0,2014,3.0,2.0
327.0,2016,2.0,20.0
330.0,2010,3.0,1.0
330.0,2012,3.0,1.0
331.0,2011,5.0,10.0
332.0,2010,2.0,2.0
334.0,2010,10.0,1.0
334.0,2011,10.0,1.0
334.0,2013,15.0,3.0
335.0,2010,3.0,1.0
335.0,2011,10.0,14.0
335.0,2012,18.0,22.0
335.0,2013,13.0,40.0
335.0,2014,12.0,30.0
335.0,2015,20.0,20.0
335.0,2016,4.0,30.0
335.0,2017,4.0,1.0
335.0,2018,22.0,3.0
335.0,2019,23.0,5.0
336.0,2010,30.0,14.0
336.0,2011,17.0,6.0
336.0,2019,10.0,2.0
337.0,2011,2.0,3.0
337.0,2014,14.0,3.0
337.0,2015,14.0,1.0
339.0,2010,4.0,2.0
339.0,2012,7.0,1.0
339.0,2015,7.0,12.0
339.0,2019,10.0,1.0
342.0,2010,2.0,1.0
342.0,2011,5.0,1.0
342.0,2017,7.0,1.0
343.0,2017,5.0,2.0
343.0,2018,5.0,3.0
344.0,2013,3.0,1.0
344.0,2014,4.0,2.0
345.0,2013,10.0,10.0
347.0,2010,6.0,2.0
347.0,2011,7.0,2.0
347.0,2012,7.0,2.0
348.0,2010,2.0,1.0
348.0,2012,3.0,1.0
350.0,2011,18.0,5.0
350.0,2013,10.0,20.0
350.0,2014,5.0,1.0
350.0,2015,10.0,10.0
350.0,2016,20.0,20.0
350.0,2018,27.0,3.0
352.0,2010,3.0,2.0
352.0,2011,3.0,1.0
353.0,2010,3.0,2.0
354.0,2013,8.0,1.0
355.0,2010,11.0,3.0
355.0,2011,20.0,23.0
356.0,2012,7.0,10.0
356.0,2013,7.0,2.0
356.0,2014,17.0,12.0
356.0,2015,17.0,22.0
356.0,2016,17.0,24.0
356.0,2017,7.0,2.0
356.0,2018,8.0,2.0
356.0,2019,8.0,2.0
358.0,2012,7.0,20.0
358.0,2014,1.0,1.0
358.0,2016,8.0,24.0
358.0,2019,5.0,4.0
359.0,2014,7.0,1.0
359.0,2016,2.0,10.0
360.0,2012,20.0,2.0
361.0,2010,10.0,2.0
361.0,2013,20.0,9.0
362.0,2010,2.0,1.0
362.0,2016,14.0,30.0
362.0,2017,14.0,1.0
363.0,2014,4.0,20.0
363.0,2015,5.0,1.0
363.0,2017,7.0,3.0
364.0,2011,17.0,20.0
364.0,2012,17.0,40.0
364.0,2013,20.0,20.0
364.0,2014,17.0,20.0
364.0,2015,10.0,1.0
364.0,2016,10.0,1.0
364.0,2017,20.0,2.0
364.0,2019,17.0,4.0
365.0,2011,6.0,10.0
365.0,2014,20.0,10.0
365.0,2016,4.0,1.0
367.0,2011,13.0,12.0
367.0,2012,7.0,10.0
367.0,2013,7.0,40.0
367.0,2015,7.0,10.0
367.0,2017,20.0,2.0
367.0,2018,10.0,1.0
367.0,2019,20.0,3.0
368.0,2014,1.0,1.0
370.0,2012,4.0,1.0
370.0,2015,7.0,1.0
370.0,2016,3.0,1.0
370.0,2018,5.0,1.0
371.0,2011,15.0,3.0
371.0,2015,7.0,1.0
371.0,2018,2.0,3.0
372.0,2011,7.0,10.0
372.0,2012,10.0,4.0
372.0,2015,10.0,10.0
373.0,2011,12.0,12.0
373.0,2012,11.0,20.0
373.0,2013,5.0,1.0
373.0,2016,5.0,1.0
373.0,2019,7.0,1.0
374.0,2010,2.0,1.0
374.0,2011,10.0,16.0
374.0,2012,7.0,15.0
374.0,2017,4.0,2.0
375.0,2016,2.0,1.0
375.0,2018,15.0,1.0
375.0,2019,7.0,2.0
376.0,2012,10.0,1.0
377.0,2010,10.0,10.0
377.0,2011,10.0,10.0
377.0,2014,10.0,1.0
377.0,2015,7.0,2.0
378.0,2015,10.0,10.0
379.0,2012,5.0,1.0
379.0,2019,2.0,1.0
380.0,2010,7.0,4.0
380.0,2012,5.0,70.0
380.0,2015,2.0,10.0
381.0,2015,10.0,1.0
382.0,2012,7.0,1.0
382.0,2013,6.0,10.0
383.0,2011,5.0,2.0
383.0,2012,7.0,1.0
383.0,2013,7.0,5.0
384.0,2011,19.0,15.0
385.0,2011,10.0,2.0
385.0,2012,12.0,2.0
385.0,2014,7.0,2.0
385.0,2015,7.0,3.0
385.0,2016,7.0,4.0
385.0,2017,2.0,3.0
387.0,2016,3.0,1.0
388.0,2017,7.0,1.0
389.0,2011,10.0,5.0
390.0,2013,15.0,1.0
390.0,2014,20.0,1.0
392.0,2019,10.0,1.0
393.0,2010,14.0,2.0
393.0,2011,24.0,22.0
393.0,2018,7.0,3.0
394.0,2011,5.0,2.0
394.0,2012,1.0,3.0
394.0,2016,7.0,7.0
394.0,2018,7.0,2.0
394.0,2019,7.0,1.0
395.0,2012,8.0,20.0
395.0,2016,1.0,1.0
395.0,2017,12.0,4.0
395.0,2018,4.0,1.0
398.0,2010,7.0,7.0
398.0,2013,7.0,70.0
398.0,2015,7.0,4.0
399.0,2011,10.0,21.0
399.0,2012,11.0,51.0
399.0,2013,7.0,10.0
399.0,2014,7.0,2.0
399.0,2015,5.0,12.0
399.0,2016,3.0,10.0
399.0,2017,1.0,1.0
399.0,2018,4.0,2.0
399.0,2019,7.0,1.0
400.0,2010,2.0,1.0
400.0,2015,1.0,2.0
400.0,2017,3.0,1.0
400.0,2018,10.0,2.0
400.0,2019,1.0,2.0
401.0,2012,3.0,10.0
401.0,2013,5.0,10.0
401.0,2015,10.0,13.0
401.0,2016,3.0,20.0
401.0,2017,2.0,2.0
402.0,2011,14.0,2.0
402.0,2012,10.0,2.0
402.0,2013,7.0,1.0
402.0,2015,5.0,3.0
402.0,2017,2.0,1.0
403.0,2011,7.0,1.0
403.0,2012,3.0,10.0
406.0,2015,12.0,2.0
407.0,2013,2.0,10.0
407.0,2019,1.0,2.0
410.0,2010,3.0,1.0
411.0,2010,3.0,10.0
411.0,2017,7.0,1.0
411.0,2019,5.0,1.0
412.0,2018,12.0,2.0
414.0,2011,1.0,10.0
416.0,2011,12.0,20.0
417.0,2013,14.0,1.0
418.0,2011,7.0,10.0
419.0,2010,7.0,10.0
419.0,2012,7.0,2.0
422.0,2010,7.0,3.0
422.0,2011,7.0,20.0
423.0,2010,7.0,10.0
423.0,2019,3.0,1.0
424.0,2018,7.0,1.0
425.0,2011,10.0,20.0
425.0,2016,40.0,3.0
425.0,2017,26.0,11.0
425.0,2018,20.0,3.0
429.0,2010,3.0,20.0
429.0,2011,3.0,24.0
429.0,2012,7.0,10.0
430.0,2010,7.0,1.0
430.0,2011,14.0,30.0
430.0,2012,12.0,20.0
432.0,2010,7.0,12.0
433.0,2010,3.0,1.0
433.0,2016,7.0,1.0
435.0,2010,10.0,2.0
435.0,2011,6.0,2.0
435.0,2016,10.0,2.0
437.0,2011,7.0,3.0
437.0,2015,7.0,1.0
438.0,2012,50.0,20.0
438.0,2016,20.0,20.0
438.0,2017,10.0,1.0
438.0,2019,10.0,1.0
440.0,2014,7.0,20.0
440.0,2015,13.0,20.0
440.0,2016,7.0,1.0
440.0,2017,14.0,1.0
440.0,2019,5.0,1.0
442.0,2012,10.0,20.0
443.0,2011,14.0,57.0
444.0,2016,20.0,1.0
444.0,2017,7.0,2.0
444.0,2018,10.0,1.0
444.0,2019,10.0,1.0
445.0,2012,7.0,10.0
446.0,2010,3.0,2.0
448.0,2011,1.0,10.0
448.0,2013,7.0,1.0
448.0,2014,10.0,1.0
449.0,2012,7.0,1.0
450.0,2010,14.0,1.0
451.0,2011,24.0,43.0
451.0,2012,3.0,1.0
451.0,2013,10.0,2.0
451.0,2014,8.0,2.0
451.0,2015,11.0,7.0
451.0,2016,4.0,2.0
451.0,2017,3.0,2.0
451.0,2018,4.0,5.0
456.0,2010,11.0,1.0
456.0,2011,2.0,1.0
456.0,2012,7.0,1.0
456.0,2017,5.0,3.0
456.0,2019,7.0,1.0
458.0,2010,28.0,2.0
458.0,2011,28.0,5.0
462.0,2011,4.0,20.0
462.0,2012,2.0,5.0
463.0,2010,12.0,3.0
463.0,2011,10.0,2.0
463.0,2013,4.0,1.0
463.0,2018,11.0,11.0
464.0,2010,2.0,1.0
464.0,2011,3.0,3.0
464.0,2012,9.0,2.0
464.0,2015,1.0,1.0
465.0,2010,10.0,4.0
465.0,2011,10.0,1.0
465.0,2012,7.0,1.0
466.0,2010,7.0,1.0
467.0,2013,4.0,3.0
468.0,2010,5.0,20.0
470.0,2011,2.0,1.0
470.0,2014,3.0,2.0
470.0,2015,2.0,1.0
471.0,2011,5.0,10.0
472.0,2012,1.0,20.0
473.0,2010,7.0,3.0
473.0,2012,7.0,1.0
474.0,2012,3.0,2.0
474.0,2013,5.0,12.0
475.0,2010,10.0,4.0
475.0,2011,14.0,16.0
475.0,2013,20.0,12.0
475.0,2014,11.0,8.0
475.0,2015,10.0,24.0
475.0,2016,20.0,12.0
475.0,2017,30.0,2.0
475.0,2019,10.0,2.0
476.0,2011,6.0,2.0
478.0,2010,7.0,4.0
478.0,2011,5.0,3.0
478.0,2012,10.0,12.0
481.0,2018,4.0,1.0
481.0,2019,1.0,2.0
483.0,2016,3.0,5.0
484.0,2010,17.0,21.0
484.0,2011,33.0,6.0
484.0,2012,4.0,5.0
484.0,2013,3.0,20.0
484.0,2016,3.0,1.0
484.0,2018,10.0,2.0
484.0,2019,10.0,1.0
485.0,2013,7.0,3.0
485.0,2014,8.0,2.0
485.0,2019,2.0,2.0
488.0,2014,7.0,2.0
488.0,2017,10.0,2.0
489.0,2010,10.0,2.0
489.0,2011,10.0,3.0
490.0,2011,1.0,20.0
490.0,2012,7.0,10.0
493.0,2012,4.0,50.0
493.0,2013,5.0,50.0
497.0,2013,17.0,3.0
497.0,2014,13.0,3.0
497.0,2015,14.0,2.0
497.0,2016,13.0,2.0
499.0,2016,4.0,70.0
500.0,2010,5.0,1.0
501.0,2010,26.0,13.0
501.0,2011,17.0,6.0
501.0,2012,14.0,1.0
501.0,2014,12.0,6.0
501.0,2015,18.0,22.0
501.0,2016,14.0,6.0
501.0,2017,7.0,1.0
501.0,2018,7.0,2.0
501.0,2019,10.0,1.0
502.0,2010,15.0,5.0
502.0,2011,63.0,21.0
502.0,2012,42.0,10.0
502.0,2013,8.0,4.0
502.0,2014,33.0,32.0
502.0,2015,15.0,12.0
502.0,2016,18.0,41.0
502.0,2017,5.0,1.0
502.0,2018,5.0,1.0
502.0,2019,5.0,3.0
503.0,2010,2.0,3.0
503.0,2011,7.0,1.0
503.0,2014,14.0,10.0
503.0,2015,3.0,2.0
503.0,2019,3.0,3.0
504.0,2010,15.0,10.0
504.0,2011,17.0,3.0
504.0,2012,6.0,3.0
504.0,2014,13.0,3.0
504.0,2016,22.0,5.0
504.0,2017,3.0,2.0
504.0,2019,10.0,1.0
505.0,2010,10.0,1.0
505.0,2011,14.0,2.0
505.0,2013,7.0,1.0
505.0,2014,7.0,20.0
505.0,2019,7.0,1.0
506.0,2010,13.0,3.0
506.0,2011,30.0,11.0
506.0,2012,20.0,2.0
506.0,2013,7.0,2.0
506.0,2014,10.0,2.0
506.0,2018,20.0,3.0
506.0,2019,10.0,1.0
507.0,2010,27.0,11.0
507.0,2011,20.0,20.0
507.0,2012,14.0,10.0
507.0,2013,12.0,10.0
507.0,2016,2.0,1.0
507.0,2017,9.0,2.0
508.0,2017,14.0,1.0
508.0,2019,14.0,3.0
509.0,2010,3.0,2.0
509.0,2011,10.0,20.0
509.0,2012,10.0,1.0
509.0,2013,10.0,20.0
510.0,2010,7.0,1.0
510.0,2011,12.0,20.0
510.0,2012,8.0,11.0
510.0,2019,3.0,3.0
511.0,2010,14.0,12.0
511.0,2012,20.0,1.0
511.0,2013,28.0,1.0
511.0,2014,12.0,4.0
511.0,2015,14.0,10.0
514.0,2010,6.0,3.0
516.0,2012,3.0,2.0
519.0,2010,10.0,2.0
520.0,2010,10.0,1.0
522.0,2011,17.0,11.0
523.0,2012,10.0,30.0
524.0,2014,20.0,30.0
524.0,2016,7.0,10.0
530.0,2012,14.0,4.0
531.0,2011,5.0,10.0
531.0,2014,10.0,1.0
532.0,2010,10.0,50.0
532.0,2012,12.0,3.0
532.0,2014,5.0,10.0
533.0,2010,28.0,2.0
533.0,2011,4.0,10.0
533.0,2012,6.0,7.0
533.0,2013,10.0,20.0
533.0,2014,15.0,30.0
533.0,2015,10.0,3.0
534.0,2013,5.0,2.0
535.0,2011,35.0,10.0
537.0,2011,10.0,1.0
540.0,2013,10.0,5.0
540.0,2014,10.0,2.0
541.0,2010,1.0,10.0
541.0,2012,14.0,1.0
542.0,2011,5.0,2.0
542.0,2013,10.0,2.0
545.0,2010,7.0,2.0
545.0,2011,7.0,2.0
545.0,2012,7.0,10.0
545.0,2013,7.0,10.0
545.0,2014,9.0,2.0
545.0,2018,2.0,1.0
547.0,2015,10.0,1.0
549.0,2011,20.0,10.0
549.0,2012,24.0,22.0
554.0,2010,7.0,20.0
554.0,2011,17.0,70.0
554.0,2012,17.0,60.0
554.0,2013,7.0,50.0
554.0,2014,10.0,20.0
554.0,2015,7.0,10.0
554.0,2016,7.0,20.0
554.0,2017,7.0,3.0
557.0,2011,15.0,2.0
558.0,2015,7.0,20.0
558.0,2016,7.0,10.0
558.0,2017,7.0,3.0
558.0,2018,7.0,1.0
563.0,2010,3.0,1.0
563.0,2016,2.0,1.0
563.0,2017,5.0,2.0
563.0,2018,2.0,1.0
564.0,2011,2.0,10.0
564.0,2012,5.0,20.0
567.0,2010,5.0,1.0
567.0,2011,5.0,2.0
567.0,2015,6.0,14.0
568.0,2010,14.0,1.0
568.0,2012,14.0,1.0
568.0,2016,14.0,2.0
568.0,2017,7.0,1.0
570.0,2010,7.0,1.0
572.0,2017,7.0,2.0
574.0,2013,6.0,50.0
574.0,2015,10.0,40.0
574.0,2016,5.0,3.0
574.0,2017,5.0,2.0
574.0,2018,5.0,1.0
575.0,2013,14.0,25.0
575.0,2015,7.0,2.0
575.0,2018,7.0,2.0
576.0,2013,14.0,13.0
576.0,2014,10.0,5.0
576.0,2017,7.0,2.0
579.0,2013,10.0,1.0
579.0,2014,10.0,2.0
579.0,2015,1.0,30.0
580.0,2010,7.0,2.0
582.0,2014,7.0,2.0
582.0,2017,14.0,3.0
582.0,2018,14.0,3.0
583.0,2017,5.0,2.0
583.0,2019,10.0,2.0
586.0,2013,7.0,5.0
586.0,2014,6.0,7.0
586.0,2017,7.0,2.0
586.0,2018,7.0,2.0
589.0,2012,10.0,10.0
589.0,2013,7.0,20.0
589.0,2016,3.0,1.0
592.0,2010,10.0,2.0
592.0,2011,10.0,2.0
594.0,2010,12.0,4.0
595.0,2018,14.0,3.0
598.0,2016,4.0,1.0
598.0,2017,5.0,2.0
604.0,2014,5.0,1.0
605.0,2019,2.0,2.0
607.0,2012,14.0,3.0
607.0,2017,15.0,2.0
608.0,2011,20.0,2.0
610.0,2010,5.0,1.0
610.0,2011,4.0,40.0
610.0,2012,4.0,50.0
613.0,2017,10.0,20.0
613.0,2019,14.0,1.0
617.0,2012,20.0,1.0
620.0,2013,16.0,22.0
621.0,2011,5.0,2.0
625.0,2019,10.0,2.0
627.0,2014,10.0,1.0
633.0,2017,7.0,1.0
638.0,2017,4.0,1.0
639.0,2014,20.0,7.0
640.0,2010,10.0,2.0
647.0,2019,7.0,2.0
651.0,2013,2.0,2.0
651.0,2016,12.0,20.0
651.0,2017,7.0,1.0
651.0,2018,7.0,2.0
651.0,2019,7.0,2.0
652.0,2010,6.0,4.0
652.0,2011,10.0,10.0
652.0,2017,3.0,1.0
652.0,2018,3.0,1.0
654.0,2016,5.0,3.0
654.0,2018,2.0,2.0
656.0,2013,4.0,40.0
657.0,2017,10.0,3.0
659.0,2011,3.0,12.0
659.0,2015,8.0,12.0
659.0,2018,7.0,1.0
662.0,2010,1.0,10.0
665.0,2018,2.0,2.0
668.0,2013,10.0,20.0
671.0,2011,2.0,4.0
672.0,2012,4.0,12.0
680.0,2011,5.0,20.0
682.0,2011,11.0,2.0
690.0,2015,2.0,30.0
690.0,2017,7.0,1.0
690.0,2018,7.0,1.0
693.0,2011,7.0,9.0
694.0,2010,5.0,2.0
694.0,2011,7.0,30.0
695.0,2010,10.0,2.0
697.0,2014,14.0,2.0
703.0,2010,5.0,1.0
703.0,2016,5.0,1.0
703.0,2017,5.0,2.0
703.0,2018,10.0,1.0
704.0,2011,2.0,1.0
708.0,2011,3.0,2.0
713.0,2011,10.0,10.0
717.0,2017,7.0,2.0
721.0,2011,20.0,12.0
722.0,2010,10.0,2.0
722.0,2016,2.0,20.0
725.0,2011,10.0,1.0
725.0,2016,7.0,10.0
727.0,2010,5.0,2.0
729.0,2011,7.0,20.0
731.0,2014,10.0,2.0
731.0,2015,10.0,2.0
731.0,2017,5.0,1.0
731.0,2019,4.0,1.0
740.0,2017,5.0,1.0
740.0,2018,5.0,1.0
741.0,2012,10.0,12.0
746.0,2011,60.0,4.0
746.0,2012,14.0,2.0
746.0,2014,14.0,3.0
746.0,2016,20.0,10.0
746.0,2018,7.0,2.0
748.0,2011,1.0,1.0
748.0,2018,2.0,2.0
758.0,2010,31.0,13.0
758.0,2012,24.0,20.0
758.0,2013,5.0,4.0
759.0,2013,3.0,10.0
760.0,2011,10.0,5.0
760.0,2012,10.0,5.0
760.0,2013,10.0,3.0
760.0,2014,10.0,30.0
760.0,2018,10.0,3.0
760.0,2019,2.0,2.0
764.0,2012,14.0,3.0
768.0,2012,3.0,20.0
771.0,2013,10.0,2.0
772.0,2016,7.0,1.0
776.0,2011,3.0,20.0
777.0,2011,20.0,3.0
777.0,2012,20.0,10.0
777.0,2014,20.0,30.0
777.0,2016,10.0,20.0
785.0,2017,2.0,1.0
788.0,2013,10.0,5.0
791.0,2010,3.0,7.0
794.0,2010,7.0,5.0
794.0,2012,7.0,3.0
794.0,2015,4.0,4.0
795.0,2013,2.0,1.0
795.0,2014,10.0,1.0
813.0,2011,26.0,10.0
816.0,2015,3.0,1.0
816.0,2018,14.0,3.0
818.0,2013,2.0,12.0
818.0,2014,7.0,2.0
818.0,2016,8.0,2.0
818.0,2018,7.0,1.0
819.0,2012,6.0,30.0
822.0,2013,30.0,3.0
822.0,2016,7.0,5.0
823.0,2013,5.0,10.0
823.0,2014,10.0,1.0
824.0,2014,4.0,10.0
824.0,2015,5.0,3.0
824.0,2016,10.0,5.0
824.0,2018,7.0,2.0
824.0,2019,6.0,2.0
828.0,2018,40.0,2.0
830.0,2013,7.0,2.0
830.0,2014,7.0,5.0
833.0,2015,28.0,1.0
835.0,2014,1.0,10.0
835.0,2016,3.0,2.0
843.0,2010,10.0,10.0
843.0,2011,12.0,3.0
847.0,2011,7.0,40.0
847.0,2012,7.0,1.0
861.0,2016,12.0,24.0
861.0,2017,10.0,2.0
861.0,2018,10.0,2.0
861.0,2019,10.0,2.0
862.0,2018,5.0,2.0
863.0,2010,7.0,7.0
863.0,2011,14.0,14.0
863.0,2012,20.0,21.0
863.0,2013,11.0,2.0
864.0,2011,2.0,10.0
864.0,2015,10.0,3.0
864.0,2016,7.0,2.0
864.0,2017,16.0,3.0
864.0,2018,14.0,3.0
864.0,2019,7.0,2.0
867.0,2016,3.0,1.0
868.0,2015,10.0,10.0
870.0,2012,34.0,10.0
872.0,2010,1.0,3.0
873.0,2011,2.0,30.0
873.0,2014,4.0,2.0
878.0,2012,20.0,2.0
885.0,2012,3.0,2.0
892.0,2012,2.0,10.0
909.0,2016,10.0,10.0
910.0,2011,2.0,1.0
913.0,2012,10.0,30.0
913.0,2019,5.0,2.0
917.0,2019,2.0,2.0
922.0,2012,3.0,10.0
925.0,2014,7.0,2.0
925.0,2015,7.0,2.0
927.0,2014,5.0,1.0
934.0,2012,3.0,1.0
946.0,2019,5.0,4.0
947.0,2018,21.0,1.0
947.0,2019,21.0,1.0
953.0,2013,21.0,1.0
953.0,2014,14.0,1.0
953.0,2015,10.0,1.0
953.0,2016,14.0,1.0
953.0,2018,10.0,1.0
985.0,2017,21.0,1.0
996.0,2012,9.0,12.0
1004.0,2012,2.0,2.0
1004.0,2015,2.0,2.0
1004.0,2016,3.0,3.0
1004.0,2017,2.0,1.0
1004.0,2018,3.0,5.0
1004.0,2019,3.0,4.0
1028.0,2013,14.0,20.0
1028.0,2014,14.0,2.0
1028.0,2019,14.0,1.0
1029.0,2011,7.0,2.0
1031.0,2011,5.0,3.0
1032.0,2012,20.0,10.0
1043.0,2012,7.0,1.0
1043.0,2013,5.0,20.0
1061.0,2013,7.0,1.0
1077.0,2012,15.0,20.0
1081.0,2014,30.0,2.0
1083.0,2015,21.0,1.0
1086.0,2017,7.0,2.0
1089.0,2016,7.0,1.0
1093.0,2012,10.0,2.0
1093.0,2013,3.0,3.0
1093.0,2016,7.0,2.0
1095.0,2011,6.0,2.0
1096.0,2011,7.0,2.0
1098.0,2012,14.0,2.0
1107.0,2017,20.0,1.0
1114.0,2012,36.0,50.0
1117.0,2012,20.0,5.0
1117.0,2018,10.0,2.0
1123.0,2013,20.0,2.0
1124.0,2011,3.0,10.0
1128.0,2018,3.0,1.0
1129.0,2017,10.0,1.0
1129.0,2018,4.0,1.0
1130.0,2013,10.0,2.0
1131.0,2014,1.0,1.0
1131.0,2019,5.0,2.0
1132.0,2012,10.0,3.0
1132.0,2018,7.0,2.0
1132.0,2019,14.0,6.0
1133.0,2015,3.0,2.0
1134.0,2018,4.0,1.0
1135.0,2015,2.0,2.0
1135.0,2018,2.0,1.0
1136.0,2013,1.0,2.0
1136.0,2014,1.0,2.0
1141.0,2017,16.0,2.0
1141.0,2019,14.0,4.0
1142.0,2017,4.0,1.0
1142.0,2018,14.0,1.0
1145.0,2011,7.0,3.0
1145.0,2014,5.0,2.0
1146.0,2016,14.0,4.0
1147.0,2017,2.0,1.0
1149.0,2017,7.0,2.0
1166.0,2010,10.0,1.0
1166.0,2013,10.0,2.0
1172.0,2012,4.0,1.0
1174.0,2018,7.0,1.0
1196.0,2014,7.0,1.0
1197.0,2016,5.0,2.0
1197.0,2017,5.0,2.0
1197.0,2019,10.0,1.0
1203.0,2010,7.0,3.0
1203.0,2012,14.0,4.0
1203.0,2014,7.0,20.0
1203.0,2017,8.0,2.0
1220.0,2016,5.0,2.0
1224.0,2019,7.0,1.0
1229.0,2013,14.0,1.0
1229.0,2019,14.0,1.0
1247.0,2012,20.0,2.0
1247.0,2017,3.0,2.0
1248.0,2011,30.0,30.0
1259.0,2012,10.0,2.0
1260.0,2017,10.0,1.0
1262.0,2011,10.0,10.0
1263.0,2011,7.0,1.0
1276.0,2010,7.0,2.0
1276.0,2011,7.0,10.0
1278.0,2013,16.0,3.0
1278.0,2014,15.0,4.0
1278.0,2015,14.0,8.0
1278.0,2016,15.0,10.0
1278.0,2018,14.0,3.0
1278.0,2019,20.0,5.0
1283.0,2017,2.0,3.0
1294.0,2010,5.0,1.0
1295.0,2013,7.0,12.0
1298.0,2011,14.0,2.0
1298.0,2012,14.0,6.0
1298.0,2014,12.0,50.0
1298.0,2016,14.0,2.0
1298.0,2018,10.0,1.0
1309.0,2012,9.0,20.0
1309.0,2016,5.0,2.0
1309.0,2017,10.0,5.0
1309.0,2019,10.0,2.0
1312.0,2010,3.0,4.0
1312.0,2013,1.0,20.0
1327.0,2011,20.0,20.0
1332.0,2012,7.0,48.0
1332.0,2015,10.0,5.0
1334.0,2012,7.0,36.0
1501.0,2011,4.0,1.0
1505.0,2010,10.0,40.0
1507.0,2019,34.0,2.0
1508.0,2011,12.0,3.0
1508.0,2012,14.0,3.0
1508.0,2013,11.0,10.0
1508.0,2015,2.0,3.0
1508.0,2018,3.0,30.0
1508.0,2019,3.0,2.0
1534.0,2012,5.0,3.0
1534.0,2013,6.0,3.0
1534.0,2016,3.0,4.0
1683.0,2011,20.0,10.0
1710.0,2013,10.0,1.0
1751.0,2012,2.0,5.0
1772.0,2011,15.0,20.0
1785.0,2011,10.0,20.0
1785.0,2015,10.0,3.0
1799.0,2011,2.0,10.0
1799.0,2014,3.0,10.0
1799.0,2016,15.0,20.0
1799.0,2017,18.0,2.0
1799.0,2018,11.0,1.0
1901.0,2010,2.0,2.0
1901.0,2011,1.0,1.0
1901.0,2012,2.0,1.0
1901.0,2017,10.0,1.0
1984.0,2011,2.0,2.0
1984.0,2015,2.0,3.0
1984.0,2016,3.0,2.0
2012.0,2012,10.0,2.0
2043.0,2012,7.0,1.0
2043.0,2013,10.0,1.0
2043.0,2014,15.0,1.0
2055.0,2011,7.0,24.0
2055.0,2013,5.0,1.0
2096.0,2012,20.0,1.0
2100.0,2011,15.0,10.0
2100.0,2012,20.0,5.0
2102.0,2010,10.0,5.0
2103.0,2010,12.0,6.0
2112.0,2010,7.0,5.0
2112.0,2011,14.0,4.0
2113.0,2012,7.0,6.0
2113.0,2013,7.0,2.0
2113.0,2015,7.0,7.0
2114.0,2010,7.0,3.0
2114.0,2011,14.0,3.0
2126.0,2010,3.0,3.0
2138.0,2019,9.0,1.0
2144.0,2011,10.0,12.0
2144.0,2013,10.0,20.0
2144.0,2014,5.0,3.0
2146.0,2013,7.0,1.0
2179.0,2013,20.0,1.0
2179.0,2014,10.0,3.0
2179.0,2015,10.0,2.0
2182.0,2017,15.0,2.0
2187.0,2011,10.0,20.0
2187.0,2012,10.0,20.0
2198.0,2012,20.0,5.0
2200.0,2011,7.0,10.0
2200.0,2012,7.0,5.0
2204.0,2015,4.0,1.0
2210.0,2010,20.0,10.0
2217.0,2014,14.0,30.0
2220.0,2015,8.0,10.0
2232.0,2010,10.0,5.0
2232.0,2011,20.0,2.0
2235.0,2011,20.0,1.0
2235.0,2015,30.0,20.0
2250.0,2012,7.0,10.0
2267.0,2016,7.0,3.0
2280.0,2010,10.0,5.0
2280.0,2013,7.0,2.0
2283.0,2013,3.0,1.0
2322.0,2011,1.0,4.0
2374.0,2011,10.0,4.0
2376.0,2010,8.0,1.0
2376.0,2011,30.0,2.0
2376.0,2014,10.0,2.0
2376.0,2015,7.0,1.0
2376.0,2017,7.0,2.0
2376.0,2018,10.0,1.0
2376.0,2019,10.0,2.0
2377.0,2015,20.0,2.0
2391.0,2010,15.0,2.0
2394.0,2010,7.0,7.0
2401.0,2010,10.0,5.0
2451.0,2019,4.0,1.0
2462.0,2015,14.0,2.0
2475.0,2013,7.0,4.0
2475.0,2015,5.0,2.0
2475.0,2016,10.0,3.0
2475.0,2017,5.0,5.0
2475.0,2018,10.0,2.0
2475.0,2019,5.0,3.0
2495.0,2010,5.0,2.0
2500.0,2015,20.0,5.0
2505.0,2010,10.0,4.0
2507.0,2011,14.0,20.0
2508.0,2017,10.0,2.0
2511.0,2012,28.0,7.0
2511.0,2013,23.0,3.0
2513.0,2010,7.0,30.0
2513.0,2011,9.0,20.0
2514.0,2019,2.0,1.0
2529.0,2010,10.0,4.0
2546.0,2010,5.0,3.0
2547.0,2010,10.0,5.0
2547.0,2011,15.0,1.0
2557.0,2010,10.0,20.0
2576.0,2012,7.0,1.0
2582.0,2011,3.0,4.0
2585.0,2019,3.0,1.0
2586.0,2012,5.0,1.0
2586.0,2014,10.0,24.0
2594.0,2011,10.0,1.0
2615.0,2011,14.0,6.0
2615.0,2014,14.0,2.0
2615.0,2015,10.0,1.0
2637.0,2010,10.0,1.0
2637.0,2012,10.0,2.0
2637.0,2013,10.0,2.0
2637.0,2014,4.0,2.0
2637.0,2015,4.0,2.0
2637.0,2016,4.0,3.0
2637.0,2017,5.0,1.0
2637.0,2018,4.0,1.0
2637.0,2019,6.0,1.0
2640.0,2010,7.0,5.0
2648.0,2010,10.0,5.0
2649.0,2014,2.0,1.0
2649.0,2015,3.0,2.0
2649.0,2016,1.0,1.0
2649.0,2017,2.0,2.0
2650.0,2011,3.0,3.0
2656.0,2013,1.0,3.0
2656.0,2016,2.0,2.0
2656.0,2018,7.0,5.0
2657.0,2010,10.0,3.0
2657.0,2011,20.0,10.0
2661.0,2011,10.0,1.0
2661.0,2014,20.0,1.0
2661.0,2015,10.0,1.0
2671.0,2018,15.0,2.0
2681.0,2010,2.0,2.0
2687.0,2012,5.0,3.0
2689.0,2017,5.0,1.0
2690.0,2016,7.0,1.0
2698.0,2018,10.0,1.0
2708.0,2013,1.0,1.0
2732.0,2011,7.0,3.0
2734.0,2010,12.0,5.0
2734.0,2011,14.0,5.0
2735.0,2011,7.0,5.0
2735.0,2012,7.0,7.0
2744.0,2013,3.0,1.0
2744.0,2014,4.0,3.0
2744.0,2017,4.0,1.0
2783.0,2014,7.0,10.0
2797.0,2015,10.0,1.0
2833.0,2011,1.0,10.0
2862.0,2013,12.0,3.0
2862.0,2014,10.0,2.0
2862.0,2015,8.0,1.0
2913.0,2012,4.0,1.0
2914.0,2011,2.0,5.0
2914.0,2012,4.0,1.0
2937.0,2015,10.0,20.0
2950.0,2010,7.0,7.0
2950.0,2013,5.0,2.0
2979.0,2011,1.0,1.0
3070.0,2013,7.0,2.0
3070.0,2014,11.0,12.0
3109.0,2011,3.0,2.0
3121.0,2013,2.0,3.0
3128.0,2010,10.0,2.0
3195.0,2016,7.0,4.0
3195.0,2017,7.0,5.0
3200.0,2012,20.0,3.0
3200.0,2016,7.0,2.0
3200.0,2018,7.0,3.0
3210.0,2012,3.0,1.0
3210.0,2014,3.0,3.0
3210.0,2016,10.0,20.0
3216.0,2011,15.0,40.0
3216.0,2012,1.0,2.0
3231.0,2011,20.0,10.0
3231.0,2013,5.0,2.0
3231.0,2014,10.0,1.0
3231.0,2015,3.0,1.0
3231.0,2018,5.0,2.0
3231.0,2019,10.0,2.0
3246.0,2012,20.0,4.0
3247.0,2011,20.0,20.0
3247.0,2014,7.0,1.0
3247.0,2015,14.0,3.0
3247.0,2018,20.0,10.0
3251.0,2012,10.0,1.0
3254.0,2017,1.0,6.0
3254.0,2018,1.0,10.0
3263.0,2012,7.0,2.0
3263.0,2014,7.0,1.0
3263.0,2015,4.0,2.0
3263.0,2019,10.0,1.0
3275.0,2013,20.0,2.0
3275.0,2014,21.0,30.0
3331.0,2016,5.0,1.0
3428.0,2015,8.0,2.0
3439.0,2019,25.0,1.0
3453.0,2011,15.0,6.0
3453.0,2012,7.0,30.0
3453.0,2015,5.0,2.0
3453.0,2019,20.0,2.0
3454.0,2011,4.0,40.0
3461.0,2015,7.0,1.0
3476.0,2016,2.0,6.0
3502.0,2010,15.0,1.0
3540.0,2012,7.0,7.0
3549.0,2019,10.0,1.0
3562.0,2011,7.0,1.0
3631.0,2010,4.0,5.0
3631.0,2011,3.0,3.0
3631.0,2012,3.0,5.0
3631.0,2016,8.0,3.0
3631.0,2018,6.0,2.0
3637.0,2011,7.0,1.0
3637.0,2012,20.0,1.0
3639.0,2010,20.0,10.0
3639.0,2011,10.0,3.0
3639.0,2013,10.0,3.0
3640.0,2010,7.0,3.0
3640.0,2012,7.0,3.0
3640.0,2015,14.0,3.0
3663.0,2017,10.0,6.0
3686.0,2011,7.0,2.0
3701.0,2011,20.0,5.0
3701.0,2012,15.0,3.0
3724.0,2010,10.0,3.0
3768.0,2013,5.0,1.0
3773.0,2012,20.0,2.0
3773.0,2013,10.0,10.0
3778.0,2013,7.0,2.0
3847.0,2012,7.0,4.0
3847.0,2013,2.0,3.0
3847.0,2014,7.0,10.0
3847.0,2016,7.0,8.0
3857.0,2018,7.0,2.0
3859.0,2016,7.0,7.0
3862.0,2018,10.0,1.0
3863.0,2013,7.0,1.0
3867.0,2016,10.0,5.0
3876.0,2010,21.0,2.0
3910.0,2019,10.0,1.0
3953.0,2010,14.0,3.0
3953.0,2013,3.0,4.0
3968.0,2016,2.0,1.0
3968.0,2017,3.0,2.0
3977.0,2010,9.0,3.0
3984.0,2015,8.0,2.0
3989.0,2015,7.0,10.0
3991.0,2013,10.0,1.0
3991.0,2014,14.0,10.0
3999.0,2013,2.0,2.0
3999.0,2014,10.0,3.0
4048.0,2010,4.0,1.0
4056.0,2013,5.0,4.0
4078.0,2012,7.0,10.0
4087.0,2017,5.0,2.0
4104.0,2016,13.0,20.0
4106.0,2010,10.0,2.0
4117.0,2013,14.0,5.0
4117.0,2014,10.0,2.0
4117.0,2016,10.0,1.0
4117.0,2017,10.0,2.0
4126.0,2013,20.0,3.0
4126.0,2014,10.0,5.0
4151.0,2018,6.0,1.0
4151.0,2019,8.0,2.0
4158.0,2012,5.0,2.0
4161.0,2013,10.0,3.0
4163.0,2018,3.0,2.0
4171.0,2016,25.0,1.0
4393.0,2015,7.0,1.0
4477.0,2015,14.0,1.0
4522.0,2015,7.0,2.0
5001.0,2011,77.0,59.0
5001.0,2012,10.0,1.0
5001.0,2013,32.0,13.0
5001.0,2014,19.0,2.0
5001.0,2015,17.0,32.0
5001.0,2016,13.0,2.0
5001.0,2017,5.0,1.0
5002.0,2011,55.0,54.0
5002.0,2012,52.0,37.0
5002.0,2013,7.0,2.0
5002.0,2014,29.0,4.0
5002.0,2015,33.0,25.0
5002.0,2016,19.0,5.0
5002.0,2017,21.0,9.0
5002.0,2018,10.0,1.0
5002.0,2019,22.0,5.0
5003.0,2011,44.0,35.0
5003.0,2012,17.0,31.0
5003.0,2013,33.0,39.0
5003.0,2014,10.0,1.0
5003.0,2015,5.0,2.0
5003.0,2016,20.0,5.0
5004.0,2011,59.0,88.0
5004.0,2012,29.0,53.0
5004.0,2013,63.0,114.0
5004.0,2014,22.0,22.0
5004.0,2015,7.0,3.0
5004.0,2016,14.0,1.0
5004.0,2018,10.0,3.0
5004.0,2019,4.0,1.0
5005.0,2011,35.0,15.0
5005.0,2012,42.0,8.0
5005.0,2013,29.0,15.0
5005.0,2014,7.0,2.0
5005.0,2015,5.0,1.0
5005.0,2017,7.0,5.0
5006.0,2011,7.0,10.0
5006.0,2012,7.0,5.0
5006.0,2013,28.0,13.0
5006.0,2014,15.0,4.0
5006.0,2015,31.0,13.0
5006.0,2016,22.0,32.0
5006.0,2017,14.0,4.0
5006.0,2018,10.0,1.0
5007.0,2011,18.0,50.0
5007.0,2012,18.0,12.0
5007.0,2013,29.0,43.0
5007.0,2014,7.0,1.0
5007.0,2015,21.0,41.0
5007.0,2017,7.0,3.0
5008.0,2011,10.0,11.0
5008.0,2012,26.0,4.0
5008.0,2013,4.0,1.0
5008.0,2014,12.0,3.0
5008.0,2015,20.0,20.0
5008.0,2017,5.0,2.0
5008.0,2018,5.0,1.0
5009.0,2011,4.0,1.0
5009.0,2012,31.0,74.0
5009.0,2013,54.0,81.0
5009.0,2014,19.0,5.0
5009.0,2015,14.0,3.0
5009.0,2016,11.0,2.0
5009.0,2017,7.0,2.0
5009.0,2018,7.0,3.0
5010.0,2012,27.0,76.0
5010.0,2013,5.0,10.0
5010.0,2015,33.0,25.0
5010.0,2016,41.0,46.0
5010.0,2017,35.0,11.0
5010.0,2018,35.0,8.0
5010.0,2019,24.0,5.0
5011.0,2012,14.0,10.0
5011.0,2017,15.0,4.0
5011.0,2018,2.0,2.0
5011.0,2019,20.0,4.0
5012.0,2013,10.0,2.0
5012.0,2014,21.0,51.0
5012.0,2015,16.0,3.0
5012.0,2016,7.0,50.0
5012.0,2017,13.0,4.0
5012.0,2018,7.0,3.0
5012.0,2019,3.0,5.0
5013.0,2014,7.0,10.0
5013.0,2015,11.0,22.0
5013.0,2016,25.0,8.0
5013.0,2017,18.0,4.0
5014.0,2013,10.0,1.0
5014.0,2014,42.0,27.0
5014.0,2015,7.0,2.0
5014.0,2016,20.0,1.0
5014.0,2019,14.0,3.0
5015.0,2012,7.0,3.0
5015.0,2013,10.0,1.0
5015.0,2014,10.0,30.0
5015.0,2015,13.0,31.0
5015.0,2018,10.0,3.0
5016.0,2012,2.0,2.0
5016.0,2013,14.0,3.0
5016.0,2015,8.0,3.0
5016.0,2016,18.0,35.0
5016.0,2017,6.0,3.0
5016.0,2018,2.0,2.0
5016.0,2019,13.0,4.0
5017.0,2017,8.0,5.0
5017.0,2018,18.0,4.0
5017.0,2019,10.0,4.0
5018.0,2011,14.0,2.0
5018.0,2012,19.0,21.0
5018.0,2013,15.0,1.0
5018.0,2014,21.0,3.0
5018.0,2015,22.0,1.0
5018.0,2016,34.0,11.0
5018.0,2017,21.0,7.0
5018.0,2018,21.0,1.0
5018.0,2019,7.0,2.0
5019.0,2015,2.0,1.0
5019.0,2016,3.0,1.0
5019.0,2017,8.0,2.0
5019.0,2018,3.0,1.0
5019.0,2019,3.0,2.0
5020.0,2014,20.0,24.0
5020.0,2015,10.0,12.0
5020.0,2016,11.0,22.0
5020.0,2017,20.0,1.0
5020.0,2018,10.0,2.0
5020.0,2019,10.0,1.0
5021.0,2014,14.0,3.0
5021.0,2016,10.0,22.0
5021.0,2017,11.0,2.0
5021.0,2018,15.0,2.0
5021.0,2019,13.0,5.0
5022.0,2013,10.0,4.0
5022.0,2015,5.0,1.0
5022.0,2017,11.0,9.0
5022.0,2018,3.0,2.0
5023.0,2016,10.0,3.0
5023.0,2017,5.0,1.0
5023.0,2019,10.0,4.0
5024.0,2016,19.0,7.0
5024.0,2017,2.0,1.0
5024.0,2018,9.0,5.0
5026.0,2017,4.0,4.0
5027.0,2016,10.0,2.0
5027.0,2017,14.0,3.0
5028.0,2015,10.0,12.0
5028.0,2017,5.0,2.0
5029.0,2014,3.0,1.0
5029.0,2017,11.0,2.0
5030.0,2018,3.0,1.0
5031.0,2014,3.0,2.0
5033.0,2014,7.0,4.0
5033.0,2017,2.0,10.0
5034.0,2016,4.0,10.0
5034.0,2017,9.0,3.0
5035.0,2013,1.0,1.0
5035.0,2014,5.0,1.0
5036.0,2015,3.0,2.0
5036.0,2016,4.0,2.0
5036.0,2017,7.0,2.0
5037.0,2016,10.0,20.0
5037.0,2017,2.0,1.0
5037.0,2018,2.0,1.0
5038.0,2016,6.0,12.0
5040.0,2017,14.0,1.0
5041.0,2013,10.0,1.0
5041.0,2014,20.0,1.0
5042.0,2016,10.0,2.0
5044.0,2016,10.0,2.0
5044.0,2018,10.0,5.0
5046.0,2016,12.0,70.0
5047.0,2016,7.0,10.0
5049.0,2017,7.0,2.0
5049.0,2018,12.0,1.0
5049.0,2019,7.0,1.0
5051.0,2017,14.0,3.0
5057.0,2018,33.0,5.0
5058.0,2015,12.0,1.0
5058.0,2017,2.0,1.0
5060.0,2017,4.0,2.0
5060.0,2018,5.0,2.0
5060.0,2019,10.0,3.0
5061.0,2018,2.0,1.0
5065.0,2018,2.0,2.0
5076.0,2018,7.0,2.0
5080.0,2018,10.0,1.0
5085.0,2017,2.0,1.0
5100.0,2012,3.0,1.0
5101.0,2010,5.0,1.0
5143.0,2017,7.0,10.0
5174.0,2015,7.0,2.0
5232.0,2011,10.0,50.0
5232.0,2012,9.0,7.0
5232.0,2019,10.0,4.0
5243.0,2010,7.0,4.0
5272.0,2010,7.0,3.0
5272.0,2011,7.0,5.0
5288.0,2016,7.0,8.0
5288.0,2018,2.0,2.0
5300.0,2017,10.0,2.0
5300.0,2018,7.0,3.0
5330.0,2011,3.0,3.0
5348.0,2013,10.0,1.0
5359.0,2011,15.0,5.0
5388.0,2011,7.0,1.0
5518.0,2011,5.0,20.0
5518.0,2012,7.0,40.0
5518.0,2013,4.0,20.0
5518.0,2014,5.0,40.0
5530.0,2011,28.0,2.0
5536.0,2012,19.0,50.0
5544.0,2016,2.0,20.0
5562.0,2012,7.0,10.0
5562.0,2013,10.0,20.0
5562.0,2014,7.0,20.0
5562.0,2016,7.0,20.0
5562.0,2017,7.0,1.0
5562.0,2018,7.0,1.0
5728.0,2019,5.0,1.0
5736.0,2015,4.0,1.0
5745.0,2011,10.0,40.0
5745.0,2013,4.0,2.0
5745.0,2015,3.0,2.0
5745.0,2016,7.0,4.0
5745.0,2017,5.0,1.0
5751.0,2015,20.0,2.0
5752.0,2010,4.0,2.0
5753.0,2010,10.0,1.0
5757.0,2010,6.0,2.0
5759.0,2011,5.0,30.0
5759.0,2012,10.0,2.0
5761.0,2011,3.0,1.0
5761.0,2015,7.0,2.0
5788.0,2010,6.0,2.0
5808.0,2010,7.0,1.0
5808.0,2013,10.0,10.0
5808.0,2014,10.0,20.0
5808.0,2015,7.0,30.0
5808.0,2018,7.0,2.0
5808.0,2019,10.0,2.0
5809.0,2013,7.0,10.0
5813.0,2010,7.0,3.0
5813.0,2011,7.0,2.0
5825.0,2016,7.0,20.0
5825.0,2017,10.0,1.0
5825.0,2019,10.0,1.0
5826.0,2018,5.0,1.0
5831.0,2015,7.0,4.0
5831.0,2016,5.0,4.0
5838.0,2013,20.0,20.0
5838.0,2016,20.0,2.0
5862.0,2015,15.0,10.0
5862.0,2016,15.0,2.0
5862.0,2018,15.0,1.0
5882.0,2013,7.0,20.0
5882.0,2017,10.0,1.0
5882.0,2019,7.0,1.0
5902.0,2014,4.0,10.0
5902.0,2015,5.0,20.0
5902.0,2016,10.0,10.0
5902.0,2017,10.0,2.0
5902.0,2018,5.0,1.0
5902.0,2019,10.0,2.0
5944.0,2012,7.0,20.0
5973.0,2011,2.0,1.0
5985.0,2015,5.0,2.0
5987.0,2018,12.0,2.0
5987.0,2019,20.0,2.0
5993.0,2011,15.0,10.0
5993.0,2015,14.0,20.0
5995.0,2014,7.0,3.0
5995.0,2015,3.0,10.0
5995.0,2016,5.0,10.0
6001.0,2011,24.0,14.0
6001.0,2012,4.0,1.0
6001.0,2013,31.0,13.0
6001.0,2014,44.0,3.0
6001.0,2015,21.0,5.0
6001.0,2019,4.0,2.0
6002.0,2011,18.0,4.0
6002.0,2012,7.0,20.0
6002.0,2016,2.0,1.0
6002.0,2017,3.0,3.0
6003.0,2011,8.0,30.0
6003.0,2012,18.0,21.0
6003.0,2014,10.0,1.0
6003.0,2017,10.0,2.0
6003.0,2019,10.0,2.0
6004.0,2012,3.0,1.0
6004.0,2014,10.0,2.0
6004.0,2016,10.0,3.0
6004.0,2017,14.0,7.0
6004.0,2018,10.0,3.0
6004.0,2019,7.0,5.0
6005.0,2013,16.0,4.0
6005.0,2014,7.0,1.0
6005.0,2015,10.0,1.0
6005.0,2016,10.0,3.0
6006.0,2013,2.0,2.0
6006.0,2015,4.0,1.0
6006.0,2016,7.0,2.0
6006.0,2017,17.0,3.0
6006.0,2018,14.0,4.0
6006.0,2019,7.0,2.0
6007.0,2015,5.0,1.0
6008.0,2011,10.0,10.0
6008.0,2019,7.0,1.0
6009.0,2013,10.0,12.0
6009.0,2014,11.0,12.0
6009.0,2017,4.0,2.0
6010.0,2012,7.0,20.0
6010.0,2013,10.0,2.0
6010.0,2014,10.0,2.0
6010.0,2015,10.0,20.0
6011.0,2013,10.0,10.0
6011.0,2014,5.0,1.0
6011.0,2015,10.0,10.0
6011.0,2016,14.0,10.0
6011.0,2018,7.0,1.0
6011.0,2019,12.0,2.0
6012.0,2011,14.0,2.0
6012.0,2015,4.0,2.0
6012.0,2016,5.0,3.0
6012.0,2019,10.0,1.0
6013.0,2011,2.0,1.0
6013.0,2012,3.0,2.0
6013.0,2013,2.0,1.0
6013.0,2014,4.0,2.0
6013.0,2015,10.0,1.0
6013.0,2017,7.0,2.0
6013.0,2018,12.0,4.0
6014.0,2014,1.0,1.0
6014.0,2019,1.0,1.0
6015.0,2012,7.0,2.0
6015.0,2014,1.0,10.0
6015.0,2016,10.0,2.0
6015.0,2018,10.0,2.0
6016.0,2014,10.0,1.0
6016.0,2018,2.0,1.0
6017.0,2016,9.0,11.0
6017.0,2018,1.0,1.0
6018.0,2016,7.0,30.0
6018.0,2017,3.0,2.0
6019.0,2018,3.0,2.0
6020.0,2018,9.0,5.0
6023.0,2017,3.0,1.0
6023.0,2019,3.0,1.0
6024.0,2013,4.0,30.0
6024.0,2017,4.0,2.0
6027.0,2014,2.0,3.0
6027.0,2016,10.0,2.0
6028.0,2015,7.0,2.0
6029.0,2016,7.0,1.0
6029.0,2018,6.0,1.0
6032.0,2019,30.0,1.0
6034.0,2018,5.0,2.0
6034.0,2019,5.0,1.0
6036.0,2018,4.0,1.0
6038.0,2015,1.0,40.0
6039.0,2018,12.0,1.0
6040.0,2013,6.0,1.0
6040.0,2018,2.0,1.0
6041.0,2019,7.0,1.0
6047.0,2018,9.0,2.0
6048.0,2017,7.0,2.0
6052.0,2017,4.0,2.0
6052.0,2018,5.0,1.0
6055.0,2018,14.0,1.0
6055.0,2019,7.0,3.0
6060.0,2017,2.0,1.0
6072.0,2018,2.0,2.0
6079.0,2018,5.0,1.0
6101.0,2017,4.0,2.0
6148.0,2017,4.0,1.0
6149.0,2010,12.0,2.0
6149.0,2011,13.0,10.0
6170.0,2018,7.0,3.0
6272.0,2018,3.0,2.0
6318.0,2015,21.0,14.0
6318.0,2016,8.0,3.0
6375.0,2016,21.0,7.0
6390.0,2013,2.0,2.0
6390.0,2014,4.0,20.0
6390.0,2015,4.0,2.0
6390.0,2018,7.0,2.0
6390.0,2019,4.0,2.0
6399.0,2015,40.0,1.0
6399.0,2019,10.0,1.0
6418.0,2016,1.0,1.0
6431.0,2011,10.0,20.0
6433.0,2013,2.0,2.0
6433.0,2015,2.0,2.0
6433.0,2017,20.0,3.0
6446.0,2012,20.0,3.0
7502.0,2012,6.0,4.0
7502.0,2013,10.0,2.0
7505.0,2012,20.0,2.0
7509.0,2019,4.0,1.0
7911.0,2011,8.0,3.0
7911.0,2012,7.0,3.0
7911.0,2013,4.0,1.0
7911.0,2016,5.0,2.0
7911.0,2018,2.0,2.0
7912.0,2015,10.0,2.0
7912.0,2016,6.0,3.0
8038.0,2014,3.0,5.0
8042.0,2011,7.0,20.0
8095.0,2013,20.0,1.0
8097.0,2016,10.0,1.0
8098.0,2011,10.0,20.0
8111.0,2016,2.0,12.0
8130.0,2018,7.0,1.0
8172.0,2011,10.0,4.0
8289.0,2019,2.0,1.0
8413.0,2014,2.0,3.0
8413.0,2018,20.0,2.0
8425.0,2012,5.0,10.0
9031.0,2016,3.0,2.0
9031.0,2017,3.0,7.0
9031.0,2018,3.0,3.0
9031.0,2019,3.0,3.0
9502.0,2016,1.0,2.0
9506.0,2018,10.0,1.0
9510.0,2011,20.0,20.0
9514.0,2012,20.0,2.0
9515.0,2016,4.0,1.0
9519.0,2012,7.0,1.0
9520.0,2014,8.0,1.0
9520.0,2015,7.0,1.0
9535.0,2016,5.0,30.0
9547.0,2018,7.0,2.0
9579.0,2017,3.0,2.0
9580.0,2019,1.0,2.0
9589.0,2018,3.0,1.0
10873.0,2016,6.0,2.0
10873.0,2019,2.0,1.0
11063.0,2018,3.0,1.0
11710.0,2017,5.0,1.0
12117.0,2016,1.0,10.0
12937.0,2016,15.0,10.0
13070.0,2016,11.0,3.0
13070.0,2019,6.0,1.0
13961.0,2016,5.0,2.0
15427.0,2018,7.0,2.0
16133.0,2018,12.0,2.0
16197.0,2018,15.0,1.0
16366.0,2018,5.0,1.0
16366.0,2019,5.0,1.0
16392.0,2018,17.0,1.0
16465.0,2018,10.0,2.0
16465.0,2019,10.0,1.0
16752.0,2018,14.0,1.0
23965.0,2018,3.0,3.0
23984.0,2016,10.0,20.0
23984.0,2017,7.0,2.0
23984.0,2018,7.0,1.0
23989.0,2016,10.0,20.0
23989.0,2017,7.0,7.0
23989.0,2018,7.0,1.0
24150.0,2019,10.0,2.0
24228.0,2016,3.0,3.0
24393.0,2016,7.0,3.0
24393.0,2018,7.0,3.0
24440.0,2018,15.0,3.0
24440.0,2019,20.0,3.0
24497.0,2018,15.0,10.0
24522.0,2018,10.0,2.0
50004.0,2018,10.0,1.0
90001.0,2019,14.0,1.0
90019.0,2019,18.0,1.0
